Type,Coverage,OdName,AREA,AreaName,REG,RegName,DEV,DevName,1980,1981,1982,1983,1984,1985,1986,1987,1988,1989,1990,1991,1992,1993,1994,1995,1996,1997,1998,1999,2000,2001,2002,2003,2004,2005,2006,2007,2008,2009,2010,2011,2012,2013
Immigrants,Foreigners,Afghanistan,935.0,Asia,5501.0,Southern Asia,902.0,Developing regions,16.0,39.0,39.0,47.0,71.0,340.0,496.0,741.0,828.0,1076.0,1028.0,1378.0,1170.0,713.0,858.0,1537.0,2212.0,2555.0,1999.0,2395.0,3326.0,4067.0,3697.0,3479.0,2978.0,3436.0,3009.0,2652.0,2111.0,1746.0,1758.0,2203.0,2635.0,2004.0
Immigrants,Foreigners,Albania,908.0,Europe,925.0,Southern Europe,901.0,Developed regions,1.0,0.0,0.0,0.0,0.0,0.0,1.0,2.0,2.0,3.0,3.0,21.0,56.0,96.0,71.0,63.0,113.0,307.0,574.0,1264.0,1816.0,1602.0,1021.0,853.0,1450.0,1223.0,856.0,702.0,560.0,716.0,561.0,539.0,620.0,603.0
Immigrants,Foreigners,Algeria,903.0,Africa,912.0,Northern Africa,902.0,Developing regions,80.0,67.0,71.0,69.0,63.0,44.0,69.0,132.0,242.0,434.0,491.0,872.0,795.0,717.0,595.0,1106.0,2054.0,1842.0,2292.0,2389.0,2867.0,3418.0,3406.0,3072.0,3616.0,3626.0,4807.0,3623.0,4005.0,5393.0,4752.0,4325.0,3774.0,4331.0
Immigrants,Foreigners,American Samoa,909.0,Oceania,957.0,Polynesia,902.0,Developing regions,0.0,1.0,0.0,0.0,0.0,0.0,0.0,1.0,0.0,1.0,2.0,0.0,0.0,0.0,0.0,0.0,0.0,0.0,0.0,0.0,0.0,0.0,0.0,0.0,0.0,0.0,1.0,0.0,0.0,0.0,0.0,0.0,0.0,0.0
Immigrants,Foreigners,Andorra,908.0,Europe,925.0,Southern Europe,901.0,Developed regions,0.0,0.0,0.0,0.0,0.0,0.0,2.0,0.0,0.0,0.0,3.0,0.0,1.0,0.0,0.0,0.0,0.0,0.0,2.0,0.0,0.0,1.0,0.0,2.0,0.0,0.0,1.0,1.0,0.0,0.0,0.0,0.0,1.0,1.0
Immigrants,Foreigners,Angola,903.0,Africa,911.0,Middle Africa,902.0,Developing regions,1.0,3.0,6.0,6.0,4.0,3.0,5.0,5.0,11.0,6.0,8.0,23.0,26.0,22.0,8.0,26.0,38.0,27.0,58.0,49.0,70.0,169.0,168.0,165.0,268.0,295.0,184.0,106.0,76.0,62.0,61.0,39.0,70.0,45.0
Immigrants,Foreigners,Antigua and Barbuda,904.0,Latin America and the Caribbean,915.0,Caribbean,902.0,Developing regions,0.0,0.0,0.0,0.0,42.0,52.0,51.0,61.0,34.0,51.0,31.0,59.0,61.0,44.0,18.0,23.0,21.0,27.0,19.0,12.0,13.0,25.0,17.0,25.0,14.0,24.0,32.0,15.0,32.0,38.0,27.0,37.0,51.0,25.0
Immigrants,Foreigners,Argentina,904.0,Latin America and the Caribbean,931.0,South America,902.0,Developing regions,368.0,426.0,626.0,241.0,237.0,196.0,213.0,519.0,374.0,538.0,678.0,763.0,1023.0,1022.0,366.0,380.0,396.0,391.0,349.0,318.0,427.0,635.0,865.0,1745.0,1591.0,1153.0,847.0,620.0,540.0,467.0,459.0,278.0,263.0,282.0
Immigrants,Foreigners,Armenia,935.0,Asia,922.0,Western Asia,902.0,Developing regions,0.0,0.0,0.0,0.0,0.0,0.0,0.0,0.0,0.0,0.0,0.0,0.0,22.0,21.0,66.0,75.0,102.0,115.0,89.0,112.0,124.0,87.0,132.0,153.0,147.0,224.0,218.0,198.0,205.0,267.0,252.0,236.0,258.0,207.0
Immigrants,Foreigners,Australia,909.0,Oceania,927.0,Australia and New Zealand,901.0,Developed regions,702.0,639.0,484.0,317.0,317.0,319.0,356.0,467.0,410.0,553.0,620.0,640.0,734.0,886.0,702.0,668.0,699.0,623.0,479.0,523.0,599.0,799.0,747.0,876.0,930.0,909.0,875.0,1033.0,1018.0,1018.0,933.0,851.0,982.0,1121.0
Immigrants,Foreigners,Austria,908.0,Europe,926.0,Western Europe,901.0,Developed regions,234.0,238.0,201.0,117.0,127.0,165.0,196.0,265.0,198.0,227.0,158.0,189.0,131.0,132.0,133.0,153.0,191.0,152.0,190.0,117.0,97.0,134.0,87.0,113.0,118.0,122.0,102.0,98.0,91.0,109.0,124.0,84.0,102.0,90.0
Immigrants,Foreigners,Azerbaijan,935.0,Asia,922.0,Western Asia,902.0,Developing regions,0.0,0.0,0.0,0.0,0.0,0.0,0.0,0.0,0.0,0.0,0.0,0.0,0.0,17.0,18.0,23.0,26.0,38.0,62.0,54.0,77.0,98.0,186.0,167.0,230.0,359.0,236.0,203.0,125.0,165.0,209.0,138.0,161.0,57.0
Immigrants,Foreigners,Bahamas,904.0,Latin America and the Caribbean,915.0,Caribbean,902.0,Developing regions,26.0,23.0,38.0,12.0,21.0,28.0,23.0,18.0,22.0,32.0,18.0,29.0,16.0,20.0,21.0,17.0,30.0,17.0,14.0,13.0,14.0,20.0,17.0,14.0,13.0,14.0,18.0,23.0,30.0,27.0,25.0,40.0,60.0,55.0
Immigrants,Foreigners,Bahrain,935.0,Asia,922.0,Western Asia,902.0,Developing regions,0.0,2.0,1.0,1.0,1.0,3.0,0.0,2.0,10.0,9.0,6.0,9.0,9.0,11.0,14.0,10.0,17.0,28.0,14.0,27.0,34.0,13.0,17.0,15.0,12.0,12.0,12.0,22.0,9.0,35.0,28.0,21.0,39.0,32.0
Immigrants,Foreigners,Bangladesh,935.0,Asia,5501.0,Southern Asia,902.0,Developing regions,83.0,84.0,86.0,81.0,98.0,92.0,486.0,503.0,476.0,387.0,611.0,1115.0,1655.0,1280.0,1361.0,2042.0,2824.0,3378.0,2202.0,2064.0,3119.0,3831.0,2944.0,2137.0,2660.0,4171.0,4014.0,2897.0,2939.0,2104.0,4721.0,2694.0,2640.0,3789.0
Immigrants,Foreigners,Barbados,904.0,Latin America and the Caribbean,915.0,Caribbean,902.0,Developing regions,372.0,376.0,299.0,244.0,265.0,285.0,251.0,303.0,265.0,275.0,327.0,373.0,336.0,380.0,179.0,211.0,176.0,153.0,139.0,114.0,122.0,148.0,122.0,74.0,90.0,111.0,97.0,130.0,134.0,125.0,121.0,97.0,132.0,97.0
Immigrants,Foreigners,Belarus,908.0,Europe,923.0,Eastern Europe,901.0,Developed regions,0.0,0.0,0.0,0.0,0.0,0.0,0.0,0.0,0.0,0.0,0.0,0.0,12.0,40.0,114.0,118.0,156.0,349.0,540.0,426.0,515.0,430.0,435.0,435.0,543.0,558.0,439.0,568.0,524.0,454.0,438.0,357.0,277.0,247.0
Immigrants,Foreigners,Belgium,908.0,Europe,926.0,Western Europe,901.0,Developed regions,511.0,540.0,519.0,297.0,183.0,181.0,197.0,283.0,333.0,307.0,303.0,216.0,208.0,240.0,201.0,240.0,279.0,227.0,307.0,209.0,369.0,340.0,307.0,320.0,411.0,400.0,302.0,363.0,335.0,358.0,363.0,332.0,402.0,379.0
Immigrants,Foreigners,Belize,904.0,Latin America and the Caribbean,916.0,Central America,902.0,Developing regions,16.0,27.0,13.0,21.0,37.0,26.0,25.0,23.0,53.0,33.0,38.0,41.0,27.0,37.0,41.0,43.0,27.0,33.0,20.0,37.0,28.0,24.0,35.0,16.0,25.0,37.0,24.0,28.0,48.0,38.0,39.0,36.0,34.0,53.0
Immigrants,Foreigners,Benin,903.0,Africa,914.0,Western Africa,902.0,Developing regions,2.0,5.0,4.0,3.0,4.0,3.0,6.0,4.0,20.0,14.0,13.0,13.0,25.0,25.0,18.0,15.0,29.0,32.0,19.0,37.0,35.0,66.0,71.0,78.0,112.0,95.0,116.0,183.0,205.0,238.0,290.0,284.0,391.0,397.0
Immigrants,Foreigners,Bhutan,935.0,Asia,5501.0,Southern Asia,902.0,Developing regions,0.0,0.0,0.0,0.0,1.0,0.0,0.0,0.0,0.0,1.0,0.0,2.0,2.0,1.0,1.0,4.0,2.0,2.0,1.0,3.0,6.0,6.0,8.0,7.0,1.0,5.0,10.0,7.0,36.0,865.0,1464.0,1879.0,1075.0,487.0
Immigrants,Foreigners,Bolivia (Plurinational State of),904.0,Latin America and the Caribbean,931.0,South America,902.0,Developing regions,44.0,52.0,42.0,49.0,38.0,44.0,79.0,165.0,63.0,68.0,71.0,214.0,247.0,180.0,75.0,61.0,96.0,43.0,33.0,42.0,33.0,72.0,57.0,59.0,85.0,134.0,139.0,107.0,143.0,214.0,180.0,86.0,83.0,107.0
Immigrants,Foreigners,Bosnia and Herzegovina,908.0,Europe,925.0,Southern Europe,901.0,Developed regions,0.0,0.0,0.0,0.0,0.0,0.0,0.0,0.0,0.0,0.0,0.0,0.0,258.0,2095.0,2090.0,3007.0,2599.0,2214.0,2789.0,2737.0,854.0,801.0,433.0,267.0,188.0,211.0,217.0,209.0,182.0,156.0,168.0,140.0,121.0,119.0
Immigrants,Foreigners,Botswana,903.0,Africa,913.0,Southern Africa,902.0,Developing regions,10.0,1.0,3.0,3.0,7.0,4.0,2.0,3.0,8.0,8.0,2.0,2.0,4.0,4.0,0.0,2.0,3.0,2.0,0.0,2.0,3.0,2.0,4.0,4.0,9.0,7.0,11.0,8.0,28.0,15.0,42.0,53.0,64.0,76.0
Immigrants,Foreigners,Brazil,904.0,Latin America and the Caribbean,931.0,South America,902.0,Developing regions,211.0,220.0,192.0,139.0,145.0,130.0,205.0,244.0,394.0,650.0,650.0,877.0,1066.0,866.0,566.0,572.0,586.0,591.0,531.0,626.0,845.0,847.0,745.0,839.0,917.0,969.0,1181.0,1746.0,2138.0,2509.0,2598.0,1508.0,1642.0,1714.0
Immigrants,Foreigners,Brunei Darussalam,935.0,Asia,920.0,South-Eastern Asia,902.0,Developing regions,79.0,6.0,8.0,2.0,2.0,4.0,12.0,16.0,103.0,63.0,44.0,65.0,31.0,36.0,14.0,17.0,4.0,6.0,1.0,3.0,6.0,3.0,4.0,6.0,3.0,4.0,5.0,11.0,10.0,5.0,12.0,6.0,3.0,6.0
Immigrants,Foreigners,Bulgaria,908.0,Europe,923.0,Eastern Europe,901.0,Developed regions,24.0,20.0,12.0,33.0,11.0,24.0,33.0,52.0,43.0,85.0,172.0,611.0,1116.0,965.0,687.0,762.0,825.0,732.0,779.0,832.0,1172.0,1283.0,1517.0,1507.0,2022.0,1738.0,1419.0,1172.0,994.0,784.0,556.0,365.0,451.0,512.0
Immigrants,Foreigners,Burkina Faso,903.0,Africa,914.0,Western Africa,902.0,Developing regions,2.0,1.0,3.0,2.0,3.0,2.0,7.0,18.0,6.0,4.0,4.0,22.0,21.0,19.0,3.0,12.0,16.0,23.0,14.0,20.0,31.0,46.0,37.0,34.0,97.0,91.0,147.0,136.0,139.0,162.0,186.0,144.0,269.0,322.0
Immigrants,Foreigners,Burundi,903.0,Africa,910.0,Eastern Africa,902.0,Developing regions,0.0,0.0,0.0,0.0,1.0,2.0,1.0,5.0,1.0,14.0,19.0,9.0,19.0,14.0,28.0,126.0,367.0,207.0,94.0,202.0,342.0,334.0,364.0,383.0,559.0,626.0,468.0,614.0,448.0,566.0,529.0,604.0,684.0,480.0
Immigrants,Foreigners,Cabo Verde,903.0,Africa,914.0,Western Africa,902.0,Developing regions,1.0,1.0,2.0,0.0,11.0,1.0,9.0,3.0,1.0,7.0,14.0,16.0,15.0,11.0,9.0,4.0,7.0,16.0,9.0,3.0,4.0,5.0,2.0,13.0,3.0,5.0,7.0,2.0,5.0,1.0,3.0,3.0,6.0,2.0
Immigrants,Foreigners,Cambodia,935.0,Asia,920.0,South-Eastern Asia,902.0,Developing regions,12.0,19.0,26.0,33.0,10.0,7.0,8.0,14.0,15.0,27.0,34.0,38.0,93.0,418.0,371.0,286.0,216.0,313.0,241.0,165.0,245.0,259.0,230.0,277.0,348.0,370.0,529.0,460.0,354.0,203.0,200.0,196.0,233.0,288.0
Immigrants,Foreigners,Cameroon,903.0,Africa,911.0,Middle Africa,902.0,Developing regions,9.0,2.0,16.0,7.0,8.0,13.0,11.0,18.0,20.0,38.0,34.0,66.0,71.0,78.0,67.0,122.0,178.0,104.0,197.0,220.0,244.0,206.0,222.0,301.0,436.0,604.0,697.0,1025.0,1279.0,1344.0,1800.0,1638.0,2507.0,2439.0
Immigrants,Citizens,Canada,905.0,Northern America,905.0,Northern America,901.0,Developed regions,0.0,0.0,0.0,0.0,0.0,0.0,0.0,0.0,0.0,0.0,3.0,3.0,4.0,3.0,1.0,1.0,1.0,0.0,0.0,0.0,0.0,0.0,0.0,0.0,0.0,0.0,0.0,0.0,0.0,0.0,0.0,1.0,1.0,2.0
Immigrants,Foreigners,Central African Republic,903.0,Africa,911.0,Middle Africa,902.0,Developing regions,4.0,3.0,1.0,0.0,0.0,0.0,0.0,2.0,3.0,4.0,6.0,2.0,11.0,4.0,4.0,4.0,6.0,9.0,17.0,6.0,13.0,6.0,20.0,10.0,13.0,49.0,18.0,30.0,28.0,19.0,26.0,18.0,45.0,169.0
Immigrants,Foreigners,Chad,903.0,Africa,911.0,Middle Africa,902.0,Developing regions,0.0,0.0,1.0,0.0,0.0,1.0,2.0,3.0,7.0,14.0,8.0,2.0,10.0,13.0,6.0,5.0,38.0,26.0,30.0,122.0,148.0,90.0,76.0,64.0,92.0,126.0,96.0,131.0,95.0,87.0,98.0,79.0,97.0,86.0
Immigrants,Foreigners,Chile,904.0,Latin America and the Caribbean,931.0,South America,902.0,Developing regions,1233.0,1069.0,1078.0,781.0,681.0,533.0,633.0,1454.0,990.0,1023.0,1286.0,1749.0,1175.0,697.0,352.0,273.0,244.0,325.0,376.0,397.0,366.0,369.0,401.0,347.0,383.0,384.0,427.0,530.0,350.0,375.0,340.0,174.0,291.0,273.0
Immigrants,Foreigners,China,935.0,Asia,906.0,Eastern Asia,902.0,Developing regions,5123.0,6682.0,3308.0,1863.0,1527.0,1816.0,1960.0,2643.0,2758.0,4323.0,8076.0,14255.0,10846.0,9817.0,13128.0,14398.0,19415.0,20475.0,21049.0,30069.0,35529.0,36434.0,31961.0,36439.0,36619.0,42584.0,33518.0,27642.0,30037.0,29622.0,30391.0,28502.0,33024.0,34129.0
Immigrants,Foreigners,"China, Hong Kong Special Administrative Region",935.0,Asia,906.0,Eastern Asia,902.0,Developing regions,0.0,0.0,0.0,0.0,0.0,0.0,0.0,0.0,0.0,0.0,0.0,0.0,0.0,0.0,0.0,0.0,0.0,24.0,257.0,400.0,470.0,379.0,430.0,446.0,536.0,729.0,712.0,674.0,897.0,657.0,623.0,591.0,728.0,774.0
Immigrants,Foreigners,"China, Macao Special Administrative Region",935.0,Asia,906.0,Eastern Asia,902.0,Developing regions,0.0,0.0,0.0,0.0,0.0,0.0,0.0,0.0,0.0,0.0,0.0,0.0,0.0,0.0,0.0,0.0,0.0,0.0,0.0,0.0,1.0,15.0,28.0,21.0,21.0,21.0,32.0,16.0,12.0,21.0,21.0,13.0,33.0,29.0
Immigrants,Foreigners,Colombia,904.0,Latin America and the Caribbean,931.0,South America,902.0,Developing regions,266.0,326.0,360.0,244.0,235.0,214.0,257.0,376.0,352.0,439.0,614.0,652.0,582.0,464.0,375.0,371.0,381.0,578.0,929.0,1306.0,2259.0,2965.0,3283.0,4318.0,4566.0,6424.0,6535.0,5357.0,5452.0,4652.0,5218.0,4366.0,3741.0,3631.0
Immigrants,Foreigners,Comoros,903.0,Africa,910.0,Eastern Africa,902.0,Developing regions,0.0,2.0,2.0,0.0,0.0,2.0,1.0,0.0,2.0,2.0,1.0,3.0,0.0,2.0,4.0,4.0,5.0,2.0,4.0,1.0,3.0,14.0,2.0,11.0,6.0,5.0,7.0,11.0,3.0,19.0,22.0,14.0,18.0,22.0
Immigrants,Foreigners,Congo,903.0,Africa,911.0,Middle Africa,902.0,Developing regions,2.0,0.0,1.0,0.0,1.0,2.0,4.0,1.0,1.0,5.0,3.0,6.0,13.0,4.0,14.0,11.0,15.0,25.0,44.0,102.0,119.0,106.0,84.0,112.0,142.0,136.0,143.0,87.0,72.0,70.0,75.0,81.0,91.0,114.0
Immigrants,Foreigners,Costa Rica,904.0,Latin America and the Caribbean,916.0,Central America,902.0,Developing regions,28.0,35.0,42.0,51.0,75.0,113.0,79.0,116.0,104.0,92.0,99.0,156.0,216.0,184.0,83.0,89.0,118.0,135.0,103.0,100.0,106.0,134.0,106.0,105.0,165.0,188.0,279.0,281.0,246.0,217.0,190.0,149.0,183.0,122.0
Immigrants,Foreigners,CÃ´te d'Ivoire,903.0,Africa,914.0,Western Africa,902.0,Developing regions,14.0,8.0,10.0,6.0,21.0,23.0,23.0,20.0,17.0,37.0,42.0,62.0,62.0,67.0,68.0,101.0,102.0,67.0,57.0,110.0,118.0,143.0,184.0,119.0,256.0,294.0,431.0,619.0,646.0,668.0,1066.0,636.0,1024.0,1170.0
Immigrants,Foreigners,Croatia,908.0,Europe,925.0,Southern Europe,901.0,Developed regions,0.0,0.0,0.0,0.0,0.0,0.0,0.0,0.0,0.0,0.0,0.0,0.0,151.0,938.0,692.0,647.0,541.0,622.0,676.0,993.0,715.0,376.0,304.0,177.0,151.0,128.0,102.0,102.0,131.0,92.0,91.0,135.0,112.0,125.0
Immigrants,Foreigners,Cuba,904.0,Latin America and the Caribbean,915.0,Caribbean,902.0,Developing regions,306.0,41.0,94.0,104.0,101.0,115.0,102.0,139.0,90.0,122.0,135.0,158.0,220.0,374.0,360.0,421.0,508.0,566.0,531.0,696.0,842.0,950.0,872.0,877.0,866.0,999.0,1064.0,1350.0,1300.0,1433.0,961.0,962.0,1304.0,1402.0
Immigrants,Foreigners,Cyprus,935.0,Asia,922.0,Western Asia,902.0,Developing regions,132.0,128.0,84.0,46.0,46.0,43.0,48.0,48.0,56.0,55.0,27.0,37.0,29.0,42.0,24.0,16.0,31.0,36.0,19.0,15.0,16.0,22.0,13.0,17.0,11.0,7.0,9.0,4.0,7.0,6.0,18.0,6.0,12.0,16.0
Immigrants,Foreigners,Czech Republic,908.0,Europe,923.0,Eastern Europe,901.0,Developed regions,0.0,0.0,0.0,0.0,0.0,0.0,0.0,0.0,0.0,0.0,0.0,1.0,0.0,107.0,155.0,128.0,149.0,182.0,206.0,524.0,470.0,290.0,226.0,181.0,191.0,193.0,146.0,137.0,104.0,159.0,168.0,128.0,173.0,174.0
Immigrants,Foreigners,Democratic People's Republic of Korea,935.0,Asia,906.0,Eastern Asia,902.0,Developing regions,1.0,1.0,3.0,1.0,4.0,3.0,0.0,0.0,0.0,0.0,1.0,4.0,16.0,0.0,1.0,0.0,0.0,4.0,1.0,4.0,6.0,8.0,11.0,18.0,15.0,14.0,10.0,7.0,19.0,11.0,45.0,97.0,66.0,17.0
Immigrants,Foreigners,Democratic Republic of the Congo,903.0,Africa,911.0,Middle Africa,902.0,Developing regions,15.0,16.0,17.0,17.0,28.0,11.0,38.0,66.0,46.0,48.0,116.0,223.0,439.0,404.0,309.0,529.0,796.0,663.0,768.0,937.0,1232.0,1248.0,1103.0,1233.0,1465.0,1521.0,1623.0,1466.0,1397.0,1581.0,1239.0,1224.0,1714.0,2050.0
Immigrants,Foreigners,Denmark,908.0,Europe,924.0,Northern Europe,901.0,Developed regions,272.0,293.0,299.0,106.0,93.0,73.0,93.0,109.0,129.0,129.0,118.0,111.0,158.0,186.0,93.0,111.0,70.0,83.0,63.0,81.0,93.0,81.0,70.0,89.0,89.0,62.0,101.0,97.0,108.0,81.0,92.0,93.0,94.0,81.0
Immigrants,Foreigners,Djibouti,903.0,Africa,910.0,Eastern Africa,902.0,Developing regions,0.0,1.0,1.0,5.0,1.0,0.0,4.0,2.0,4.0,6.0,10.0,14.0,34.0,23.0,10.0,13.0,19.0,28.0,30.0,85.0,145.0,96.0,62.0,43.0,67.0,93.0,68.0,50.0,47.0,70.0,123.0,127.0,164.0,201.0
Immigrants,Foreigners,Dominica,904.0,Latin America and the Caribbean,915.0,Caribbean,902.0,Developing regions,104.0,81.0,94.0,65.0,81.0,79.0,50.0,89.0,75.0,96.0,77.0,127.0,125.0,106.0,57.0,77.0,66.0,68.0,56.0,67.0,72.0,82.0,62.0,65.0,50.0,59.0,72.0,79.0,60.0,59.0,43.0,36.0,43.0,48.0
Immigrants,Foreigners,Dominican Republic,904.0,Latin America and the Caribbean,915.0,Caribbean,902.0,Developing regions,40.0,53.0,104.0,88.0,97.0,84.0,307.0,446.0,358.0,409.0,363.0,517.0,557.0,646.0,432.0,276.0,306.0,285.0,210.0,254.0,241.0,264.0,202.0,234.0,270.0,303.0,295.0,311.0,438.0,391.0,479.0,739.0,604.0,590.0
Immigrants,Foreigners,Ecuador,904.0,Latin America and the Caribbean,931.0,South America,902.0,Developing regions,238.0,207.0,184.0,155.0,179.0,208.0,240.0,344.0,265.0,278.0,552.0,643.0,644.0,547.0,431.0,368.0,310.0,317.0,295.0,291.0,342.0,353.0,418.0,361.0,417.0,491.0,525.0,419.0,437.0,373.0,353.0,348.0,282.0,418.0
Immigrants,Foreigners,Egypt,903.0,Africa,912.0,Northern Africa,902.0,Developing regions,612.0,660.0,755.0,455.0,447.0,348.0,514.0,1017.0,1085.0,1663.0,2365.0,1860.0,1558.0,1598.0,2375.0,2821.0,2561.0,2137.0,1387.0,1378.0,1642.0,2595.0,2039.0,2230.0,2393.0,2496.0,2190.0,2356.0,3347.0,3496.0,5982.0,4663.0,5555.0,4165.0
Immigrants,Foreigners,El Salvador,904.0,Latin America and the Caribbean,916.0,Central America,902.0,Developing regions,110.0,295.0,882.0,2587.0,2666.0,2769.0,3106.0,3558.0,2720.0,2955.0,4384.0,7124.0,5670.0,2977.0,1217.0,722.0,736.0,603.0,477.0,424.0,569.0,453.0,473.0,446.0,442.0,436.0,430.0,929.0,1115.0,845.0,787.0,691.0,641.0,639.0
Immigrants,Foreigners,Equatorial Guinea,903.0,Africa,911.0,Middle Africa,902.0,Developing regions,0.0,0.0,0.0,0.0,0.0,0.0,1.0,0.0,0.0,0.0,0.0,1.0,2.0,1.0,0.0,0.0,0.0,3.0,1.0,0.0,4.0,1.0,2.0,2.0,2.0,3.0,4.0,5.0,1.0,5.0,4.0,4.0,4.0,11.0
Immigrants,Foreigners,Eritrea,903.0,Africa,910.0,Eastern Africa,902.0,Developing regions,0.0,0.0,0.0,0.0,0.0,0.0,0.0,0.0,0.0,0.0,0.0,0.0,0.0,0.0,33.0,58.0,100.0,80.0,77.0,79.0,153.0,221.0,176.0,262.0,414.0,528.0,700.0,699.0,799.0,904.0,931.0,1182.0,1335.0,1719.0
Immigrants,Foreigners,Estonia,908.0,Europe,924.0,Northern Europe,901.0,Developed regions,0.0,0.0,0.0,0.0,0.0,0.0,0.0,0.0,0.0,0.0,14.0,4.0,30.0,51.0,39.0,70.0,89.0,73.0,50.0,54.0,58.0,30.0,38.0,56.0,27.0,26.0,18.0,34.0,34.0,26.0,28.0,15.0,26.0,45.0
Immigrants,Foreigners,Ethiopia,903.0,Africa,910.0,Eastern Africa,902.0,Developing regions,98.0,59.0,54.0,98.0,154.0,157.0,302.0,555.0,690.0,1096.0,890.0,1168.0,1876.0,1779.0,1204.0,870.0,999.0,739.0,563.0,678.0,1074.0,1062.0,818.0,1399.0,1535.0,1506.0,1801.0,1512.0,1613.0,1289.0,1865.0,2163.0,1864.0,1606.0
Immigrants,Foreigners,Fiji,909.0,Oceania,928.0,Melanesia,902.0,Developing regions,632.0,705.0,814.0,554.0,389.0,446.0,361.0,523.0,561.0,736.0,1172.0,1619.0,1782.0,1317.0,1016.0,674.0,621.0,448.0,388.0,360.0,458.0,643.0,611.0,561.0,495.0,298.0,277.0,304.0,321.0,311.0,398.0,316.0,270.0,228.0
Immigrants,Foreigners,Finland,908.0,Europe,924.0,Northern Europe,901.0,Developed regions,208.0,205.0,170.0,70.0,83.0,69.0,68.0,92.0,89.0,78.0,73.0,63.0,76.0,98.0,99.0,76.0,58.0,82.0,55.0,63.0,70.0,53.0,59.0,65.0,54.0,67.0,51.0,62.0,89.0,63.0,63.0,72.0,62.0,76.0
Immigrants,Foreigners,France,908.0,Europe,926.0,Western Europe,901.0,Developed regions,1729.0,2027.0,2219.0,1490.0,1169.0,1177.0,1298.0,1658.0,2038.0,2332.0,2177.0,2911.0,3487.0,3709.0,2759.0,3332.0,2623.0,2473.0,3214.0,3343.0,3765.0,3806.0,3463.0,3568.0,4391.0,4429.0,4002.0,4290.0,4532.0,5051.0,4646.0,4080.0,6280.0,5623.0
Immigrants,Foreigners,Gabon,903.0,Africa,911.0,Middle Africa,902.0,Developing regions,2.0,3.0,2.0,2.0,1.0,0.0,0.0,5.0,3.0,4.0,10.0,5.0,3.0,8.0,4.0,5.0,9.0,12.0,14.0,20.0,16.0,26.0,24.0,42.0,33.0,67.0,68.0,101.0,86.0,86.0,64.0,63.0,74.0,90.0
Immigrants,Foreigners,Gambia,903.0,Africa,914.0,Western Africa,902.0,Developing regions,0.0,0.0,1.0,0.0,0.0,2.0,4.0,22.0,3.0,6.0,12.0,21.0,51.0,43.0,15.0,23.0,19.0,25.0,17.0,18.0,23.0,22.0,10.0,10.0,10.0,29.0,38.0,32.0,25.0,10.0,37.0,24.0,18.0,33.0
Immigrants,Foreigners,Georgia,935.0,Asia,922.0,Western Asia,902.0,Developing regions,0.0,0.0,0.0,0.0,0.0,0.0,0.0,0.0,0.0,0.0,0.0,0.0,8.0,22.0,27.0,67.0,49.0,46.0,92.0,46.0,83.0,124.0,123.0,127.0,106.0,114.0,125.0,132.0,112.0,128.0,126.0,139.0,147.0,125.0
Immigrants,Foreigners,Germany,908.0,Europe,926.0,Western Europe,901.0,Developed regions,1626.0,1977.0,3062.0,2376.0,1610.0,1441.0,1233.0,1704.0,1482.0,1706.0,1273.0,1273.0,1181.0,1488.0,1255.0,1553.0,1686.0,1397.0,1363.0,1717.0,1703.0,1456.0,1375.0,1865.0,2020.0,2226.0,2767.0,2449.0,3833.0,3887.0,2956.0,2053.0,1702.0,1217.0
Immigrants,Foreigners,Ghana,903.0,Africa,914.0,Western Africa,902.0,Developing regions,172.0,196.0,98.0,122.0,116.0,172.0,215.0,970.0,408.0,429.0,449.0,1134.0,2502.0,2201.0,1341.0,1475.0,1219.0,1274.0,1040.0,845.0,959.0,782.0,696.0,564.0,738.0,851.0,710.0,688.0,629.0,659.0,802.0,528.0,531.0,517.0
Immigrants,Foreigners,Greece,908.0,Europe,925.0,Southern Europe,901.0,Developed regions,1065.0,953.0,897.0,633.0,580.0,584.0,547.0,765.0,564.0,773.0,538.0,592.0,492.0,445.0,275.0,220.0,221.0,190.0,141.0,149.0,150.0,135.0,107.0,117.0,120.0,100.0,74.0,110.0,107.0,119.0,101.0,102.0,146.0,298.0
Immigrants,Foreigners,Grenada,904.0,Latin America and the Caribbean,915.0,Caribbean,902.0,Developing regions,154.0,181.0,231.0,165.0,167.0,168.0,235.0,302.0,165.0,170.0,172.0,268.0,434.0,492.0,235.0,364.0,366.0,387.0,330.0,294.0,372.0,354.0,259.0,222.0,296.0,283.0,363.0,360.0,284.0,325.0,208.0,173.0,142.0,170.0
Immigrants,Foreigners,Guatemala,904.0,Latin America and the Caribbean,916.0,Central America,902.0,Developing regions,114.0,108.0,113.0,366.0,598.0,975.0,1265.0,1060.0,702.0,773.0,1023.0,2156.0,1906.0,1392.0,757.0,640.0,655.0,519.0,358.0,287.0,329.0,269.0,242.0,179.0,217.0,190.0,230.0,258.0,263.0,264.0,266.0,288.0,358.0,345.0
Immigrants,Foreigners,Guinea,903.0,Africa,914.0,Western Africa,902.0,Developing regions,0.0,3.0,3.0,6.0,4.0,3.0,5.0,14.0,12.0,17.0,10.0,44.0,36.0,32.0,16.0,49.0,61.0,38.0,107.0,100.0,168.0,177.0,205.0,196.0,281.0,256.0,342.0,415.0,327.0,347.0,395.0,352.0,407.0,463.0
Immigrants,Foreigners,Guinea-Bissau,903.0,Africa,914.0,Western Africa,902.0,Developing regions,0.0,0.0,0.0,0.0,1.0,0.0,0.0,0.0,3.0,4.0,4.0,4.0,1.0,2.0,2.0,2.0,3.0,4.0,0.0,1.0,1.0,3.0,2.0,6.0,4.0,7.0,12.0,7.0,2.0,0.0,2.0,2.0,4.0,0.0
Immigrants,Foreigners,Guyana,904.0,Latin America and the Caribbean,931.0,South America,902.0,Developing regions,2334.0,2943.0,3575.0,2650.0,1932.0,2299.0,3942.0,6174.0,2977.0,3270.0,2824.0,3266.0,2932.0,3399.0,4181.0,3935.0,2324.0,1795.0,1238.0,1366.0,1308.0,1707.0,1479.0,1410.0,1341.0,1215.0,1286.0,1277.0,1137.0,1180.0,953.0,804.0,676.0,656.0
Immigrants,Foreigners,Haiti,904.0,Latin America and the Caribbean,915.0,Caribbean,902.0,Developing regions,1666.0,3692.0,3498.0,2860.0,1418.0,1321.0,1753.0,2132.0,1829.0,2377.0,2379.0,2829.0,2399.0,3655.0,2100.0,2014.0,1955.0,1645.0,1295.0,1439.0,1631.0,2433.0,2174.0,1930.0,1652.0,1682.0,1619.0,1598.0,2491.0,2080.0,4744.0,6503.0,5868.0,4152.0
Immigrants,Foreigners,Honduras,904.0,Latin America and the Caribbean,916.0,Central America,902.0,Developing regions,26.0,33.0,30.0,68.0,65.0,69.0,81.0,135.0,111.0,138.0,187.0,688.0,840.0,551.0,291.0,270.0,299.0,225.0,167.0,173.0,201.0,180.0,143.0,105.0,133.0,166.0,164.0,165.0,187.0,169.0,386.0,538.0,436.0,350.0
Immigrants,Foreigners,Hungary,908.0,Europe,923.0,Eastern Europe,901.0,Developed regions,205.0,310.0,397.0,337.0,310.0,522.0,647.0,676.0,1139.0,979.0,780.0,775.0,795.0,603.0,349.0,306.0,364.0,319.0,337.0,408.0,418.0,627.0,537.0,489.0,671.0,516.0,520.0,425.0,383.0,312.0,354.0,287.0,300.0,425.0
Immigrants,Foreigners,Iceland,908.0,Europe,924.0,Northern Europe,901.0,Developed regions,17.0,33.0,10.0,9.0,13.0,6.0,11.0,11.0,7.0,3.0,2.0,11.0,17.0,15.0,11.0,9.0,14.0,11.0,20.0,17.0,9.0,26.0,11.0,17.0,23.0,10.0,2.0,15.0,13.0,15.0,30.0,38.0,42.0,72.0
Immigrants,Foreigners,India,935.0,Asia,5501.0,Southern Asia,902.0,Developing regions,8880.0,8670.0,8147.0,7338.0,5704.0,4211.0,7150.0,10189.0,11522.0,10343.0,12041.0,13734.0,13673.0,21496.0,18620.0,18489.0,23859.0,22268.0,17241.0,18974.0,28572.0,31223.0,31889.0,27155.0,28235.0,36210.0,33848.0,28742.0,28261.0,29456.0,34235.0,27509.0,30933.0,33087.0
Immigrants,Foreigners,Indonesia,935.0,Asia,920.0,South-Eastern Asia,902.0,Developing regions,186.0,178.0,252.0,115.0,123.0,100.0,127.0,213.0,270.0,260.0,227.0,252.0,243.0,278.0,262.0,205.0,231.0,166.0,165.0,525.0,1138.0,907.0,709.0,515.0,552.0,632.0,613.0,657.0,661.0,504.0,712.0,390.0,395.0,387.0
Immigrants,Foreigners,Iran (Islamic Republic of),935.0,Asia,5501.0,Southern Asia,902.0,Developing regions,1172.0,1429.0,1822.0,1592.0,1977.0,1648.0,1794.0,2989.0,3273.0,3781.0,3655.0,6250.0,6814.0,3959.0,2785.0,3956.0,6205.0,7982.0,7057.0,6208.0,5884.0,6169.0,8129.0,5918.0,6348.0,5837.0,7480.0,6974.0,6475.0,6580.0,7477.0,7479.0,7534.0,11291.0
Immigrants,Foreigners,Iraq,935.0,Asia,922.0,Western Asia,902.0,Developing regions,262.0,245.0,260.0,380.0,428.0,231.0,265.0,384.0,619.0,911.0,557.0,1013.0,1498.0,2103.0,1500.0,2034.0,2675.0,2564.0,2037.0,2159.0,2591.0,2821.0,2432.0,1515.0,1796.0,2226.0,1788.0,2406.0,3543.0,5450.0,5941.0,6196.0,4041.0,4918.0
Immigrants,Foreigners,Ireland,908.0,Europe,924.0,Northern Europe,901.0,Developed regions,781.0,895.0,707.0,298.0,327.0,287.0,481.0,1078.0,1415.0,1378.0,845.0,705.0,533.0,436.0,331.0,231.0,276.0,220.0,170.0,162.0,178.0,190.0,178.0,192.0,244.0,224.0,283.0,300.0,412.0,395.0,547.0,525.0,725.0,1015.0
Immigrants,Foreigners,Israel,935.0,Asia,922.0,Western Asia,902.0,Developing regions,1403.0,1711.0,1334.0,541.0,446.0,680.0,1212.0,1497.0,1389.0,1762.0,1596.0,1358.0,1259.0,1584.0,1699.0,2224.0,2515.0,2998.0,3172.0,2387.0,2510.0,2436.0,2539.0,2314.0,2788.0,2446.0,2625.0,2401.0,2562.0,2316.0,2755.0,1970.0,2134.0,1945.0
Immigrants,Foreigners,Italy,908.0,Europe,925.0,Southern Europe,901.0,Developed regions,1820.0,2057.0,1480.0,820.0,858.0,667.0,731.0,1101.0,885.0,1068.0,895.0,711.0,623.0,663.0,558.0,508.0,476.0,491.0,399.0,410.0,383.0,410.0,374.0,321.0,334.0,344.0,325.0,320.0,370.0,429.0,434.0,374.0,440.0,545.0
Immigrants,Foreigners,Jamaica,904.0,Latin America and the Caribbean,915.0,Caribbean,902.0,Developing regions,3198.0,2634.0,2661.0,2455.0,2508.0,2938.0,4649.0,5415.0,3924.0,3946.0,4945.0,5056.0,5991.0,6065.0,3913.0,3619.0,3282.0,2847.0,2253.0,2358.0,2482.0,2838.0,2524.0,2054.0,2237.0,1945.0,1722.0,2141.0,2334.0,2456.0,2321.0,2059.0,2182.0,2479.0
Immigrants,Foreigners,Japan,935.0,Asia,906.0,Eastern Asia,901.0,Developed regions,701.0,756.0,598.0,309.0,246.0,198.0,248.0,422.0,324.0,494.0,379.0,506.0,605.0,907.0,956.0,826.0,994.0,924.0,897.0,1083.0,1010.0,1092.0,806.0,817.0,973.0,1067.0,1212.0,1250.0,1284.0,1194.0,1168.0,1265.0,1214.0,982.0
Immigrants,Foreigners,Jordan,935.0,Asia,922.0,Western Asia,902.0,Developing regions,177.0,160.0,155.0,113.0,102.0,179.0,181.0,392.0,489.0,785.0,841.0,807.0,909.0,1141.0,1173.0,1006.0,1070.0,1317.0,999.0,1218.0,1511.0,1904.0,1499.0,1614.0,1733.0,1940.0,1827.0,1421.0,1581.0,1235.0,1831.0,1635.0,1206.0,1255.0
Immigrants,Foreigners,Kazakhstan,935.0,Asia,5500.0,Central Asia,902.0,Developing regions,0.0,0.0,0.0,0.0,0.0,0.0,0.0,0.0,0.0,0.0,0.0,0.0,3.0,24.0,42.0,56.0,152.0,593.0,884.0,537.0,450.0,501.0,418.0,542.0,545.0,506.0,408.0,436.0,394.0,431.0,377.0,381.0,462.0,348.0
Immigrants,Foreigners,Kenya,903.0,Africa,910.0,Eastern Africa,902.0,Developing regions,291.0,296.0,221.0,201.0,218.0,245.0,244.0,628.0,984.0,1140.0,869.0,605.0,529.0,478.0,414.0,434.0,369.0,223.0,203.0,310.0,495.0,651.0,630.0,678.0,685.0,693.0,622.0,449.0,453.0,489.0,507.0,585.0,725.0,664.0
Immigrants,Foreigners,Kiribati,909.0,Oceania,954.0,Micronesia,902.0,Developing regions,0.0,0.0,0.0,1.0,0.0,0.0,0.0,0.0,0.0,2.0,0.0,0.0,0.0,1.0,0.0,1.0,1.0,0.0,2.0,0.0,1.0,1.0,0.0,0.0,0.0,1.0,0.0,0.0,1.0,1.0,0.0,0.0,2.0,0.0
Immigrants,Foreigners,Kuwait,935.0,Asia,922.0,Western Asia,902.0,Developing regions,1.0,0.0,8.0,2.0,1.0,4.0,4.0,9.0,19.0,19.0,26.0,31.0,96.0,109.0,99.0,130.0,187.0,108.0,121.0,80.0,114.0,107.0,74.0,72.0,74.0,66.0,35.0,62.0,53.0,68.0,67.0,58.0,73.0,48.0
Immigrants,Foreigners,Kyrgyzstan,935.0,Asia,5500.0,Central Asia,902.0,Developing regions,0.0,0.0,0.0,0.0,0.0,0.0,0.0,0.0,0.0,0.0,0.0,0.0,0.0,7.0,8.0,10.0,8.0,43.0,63.0,68.0,56.0,95.0,124.0,99.0,245.0,173.0,161.0,135.0,168.0,173.0,157.0,159.0,278.0,123.0
Immigrants,Foreigners,Lao People's Democratic Republic,935.0,Asia,920.0,South-Eastern Asia,902.0,Developing regions,11.0,6.0,16.0,16.0,7.0,17.0,21.0,20.0,22.0,44.0,34.0,33.0,63.0,44.0,52.0,40.0,24.0,31.0,16.0,31.0,36.0,40.0,49.0,22.0,38.0,42.0,74.0,53.0,32.0,39.0,54.0,22.0,25.0,15.0
Immigrants,Foreigners,Latvia,908.0,Europe,924.0,Northern Europe,901.0,Developed regions,0.0,0.0,0.0,0.0,0.0,0.0,1.0,0.0,0.0,0.0,10.0,17.0,23.0,47.0,80.0,73.0,67.0,123.0,119.0,127.0,130.0,175.0,156.0,110.0,94.0,77.0,69.0,88.0,67.0,85.0,70.0,103.0,202.0,213.0
Immigrants,Foreigners,Lebanon,935.0,Asia,922.0,Western Asia,902.0,Developing regions,1409.0,1119.0,1159.0,789.0,1253.0,1683.0,2576.0,3803.0,3970.0,7157.0,13568.0,12567.0,6915.0,4902.0,2751.0,2228.0,1919.0,1472.0,1329.0,1594.0,1903.0,2578.0,2332.0,3179.0,3293.0,3709.0,3802.0,3467.0,3566.0,3077.0,3432.0,3072.0,1614.0,2172.0
Immigrants,Foreigners,Lesotho,903.0,Africa,913.0,Southern Africa,902.0,Developing regions,1.0,1.0,1.0,2.0,7.0,5.0,3.0,1.0,6.0,5.0,1.0,4.0,4.0,7.0,2.0,3.0,9.0,2.0,1.0,4.0,1.0,0.0,2.0,2.0,2.0,4.0,0.0,4.0,1.0,8.0,7.0,1.0,0.0,6.0
Immigrants,Foreigners,Liberia,903.0,Africa,914.0,Western Africa,902.0,Developing regions,1.0,2.0,2.0,1.0,4.0,4.0,3.0,4.0,3.0,7.0,5.0,11.0,52.0,37.0,40.0,55.0,59.0,61.0,28.0,36.0,56.0,60.0,57.0,139.0,409.0,581.0,356.0,153.0,74.0,94.0,162.0,106.0,58.0,39.0
Immigrants,Foreigners,Libya,903.0,Africa,912.0,Northern Africa,902.0,Developing regions,5.0,7.0,9.0,24.0,10.0,31.0,23.0,81.0,43.0,77.0,47.0,86.0,89.0,85.0,74.0,116.0,128.0,156.0,113.0,157.0,208.0,228.0,210.0,153.0,196.0,196.0,281.0,198.0,306.0,282.0,384.0,352.0,299.0,255.0
Immigrants,Foreigners,Liechtenstein,908.0,Europe,926.0,Western Europe,901.0,Developed regions,1.0,4.0,2.0,0.0,0.0,3.0,0.0,1.0,1.0,1.0,0.0,1.0,2.0,3.0,1.0,0.0,7.0,2.0,0.0,2.0,0.0,2.0,0.0,1.0,0.0,1.0,0.0,0.0,1.0,1.0,0.0,2.0,1.0,0.0
Immigrants,Foreigners,Lithuania,908.0,Europe,924.0,Northern Europe,901.0,Developed regions,1.0,1.0,0.0,0.0,0.0,1.0,0.0,0.0,1.0,1.0,5.0,11.0,43.0,63.0,84.0,103.0,87.0,114.0,74.0,96.0,116.0,183.0,125.0,194.0,220.0,167.0,113.0,108.0,109.0,63.0,57.0,52.0,77.0,145.0
Immigrants,Foreigners,Luxembourg,908.0,Europe,926.0,Western Europe,901.0,Developed regions,14.0,4.0,2.0,5.0,1.0,3.0,6.0,2.0,4.0,8.0,1.0,3.0,1.0,18.0,9.0,1.0,7.0,9.0,3.0,1.0,5.0,5.0,17.0,9.0,9.0,10.0,9.0,9.0,3.0,5.0,8.0,11.0,6.0,7.0
Immigrants,Foreigners,Madagascar,903.0,Africa,910.0,Eastern Africa,902.0,Developing regions,22.0,10.0,13.0,32.0,30.0,18.0,10.0,42.0,36.0,27.0,28.0,37.0,34.0,55.0,16.0,30.0,35.0,56.0,48.0,34.0,32.0,57.0,59.0,48.0,79.0,88.0,96.0,115.0,118.0,169.0,178.0,148.0,165.0,229.0
Immigrants,Foreigners,Malawi,903.0,Africa,910.0,Eastern Africa,902.0,Developing regions,5.0,4.0,6.0,3.0,2.0,0.0,4.0,7.0,1.0,4.0,10.0,9.0,4.0,12.0,6.0,5.0,6.0,11.0,8.0,14.0,12.0,5.0,7.0,3.0,17.0,23.0,15.0,13.0,5.0,10.0,28.0,16.0,9.0,10.0
Immigrants,Foreigners,Malaysia,935.0,Asia,920.0,South-Eastern Asia,902.0,Developing regions,786.0,816.0,813.0,448.0,384.0,374.0,425.0,817.0,2072.0,2346.0,1917.0,1338.0,1486.0,1000.0,727.0,490.0,382.0,319.0,214.0,299.0,360.0,460.0,480.0,419.0,401.0,593.0,580.0,600.0,658.0,640.0,802.0,409.0,358.0,204.0
Immigrants,Foreigners,Maldives,935.0,Asia,5501.0,Southern Asia,902.0,Developing regions,0.0,0.0,0.0,1.0,0.0,0.0,0.0,0.0,0.0,0.0,0.0,0.0,3.0,3.0,0.0,0.0,0.0,0.0,1.0,0.0,1.0,0.0,1.0,0.0,1.0,0.0,0.0,2.0,1.0,7.0,4.0,3.0,1.0,1.0
Immigrants,Foreigners,Mali,903.0,Africa,914.0,Western Africa,902.0,Developing regions,4.0,4.0,7.0,3.0,3.0,4.0,3.0,5.0,4.0,7.0,13.0,31.0,90.0,51.0,35.0,36.0,67.0,26.0,43.0,30.0,66.0,67.0,62.0,72.0,87.0,87.0,114.0,143.0,154.0,164.0,170.0,155.0,191.0,190.0
Immigrants,Foreigners,Malta,908.0,Europe,925.0,Southern Europe,901.0,Developed regions,191.0,242.0,153.0,64.0,60.0,68.0,76.0,78.0,111.0,68.0,38.0,29.0,28.0,12.0,10.0,15.0,21.0,12.0,15.0,13.0,10.0,24.0,16.0,28.0,28.0,28.0,24.0,7.0,21.0,18.0,17.0,8.0,9.0,4.0
Immigrants,Foreigners,Marshall Islands,909.0,Oceania,954.0,Micronesia,902.0,Developing regions,0.0,0.0,0.0,0.0,0.0,0.0,0.0,0.0,0.0,0.0,0.0,0.0,0.0,0.0,0.0,0.0,0.0,0.0,0.0,0.0,0.0,0.0,0.0,0.0,0.0,0.0,0.0,2.0,0.0,0.0,0.0,0.0,0.0,0.0
Immigrants,Foreigners,Mauritania,903.0,Africa,914.0,Western Africa,902.0,Developing regions,5.0,0.0,3.0,3.0,1.0,1.0,1.0,4.0,3.0,6.0,4.0,5.0,7.0,8.0,6.0,3.0,10.0,11.0,6.0,11.0,15.0,30.0,27.0,23.0,60.0,86.0,124.0,96.0,112.0,83.0,74.0,54.0,77.0,57.0
Immigrants,Foreigners,Mauritius,903.0,Africa,910.0,Eastern Africa,902.0,Developing regions,306.0,259.0,353.0,170.0,207.0,164.0,325.0,578.0,531.0,399.0,401.0,358.0,336.0,276.0,176.0,147.0,159.0,136.0,159.0,138.0,199.0,393.0,348.0,566.0,702.0,696.0,512.0,507.0,714.0,872.0,1455.0,1146.0,799.0,1203.0
Immigrants,Foreigners,Mexico,904.0,Latin America and the Caribbean,916.0,Central America,902.0,Developing regions,409.0,394.0,491.0,490.0,509.0,425.0,667.0,813.0,916.0,1017.0,1193.0,1134.0,1189.0,1139.0,776.0,758.0,1234.0,1689.0,1379.0,1679.0,1662.0,1939.0,1894.0,1754.0,2259.0,2837.0,2844.0,3239.0,2856.0,3092.0,3865.0,3947.0,4227.0,3996.0
Immigrants,Foreigners,Monaco,908.0,Europe,926.0,Western Europe,901.0,Developed regions,0.0,0.0,0.0,0.0,0.0,1.0,0.0,1.0,0.0,1.0,3.0,0.0,0.0,3.0,1.0,1.0,1.0,0.0,0.0,0.0,1.0,1.0,1.0,1.0,1.0,1.0,1.0,1.0,0.0,0.0,4.0,1.0,3.0,1.0
Immigrants,Foreigners,Mongolia,935.0,Asia,906.0,Eastern Asia,902.0,Developing regions,0.0,0.0,0.0,0.0,0.0,0.0,0.0,0.0,0.0,0.0,1.0,1.0,1.0,0.0,1.0,1.0,8.0,1.0,0.0,1.0,17.0,17.0,20.0,28.0,34.0,59.0,64.0,82.0,59.0,118.0,169.0,103.0,68.0,99.0
Immigrants,Foreigners,Montenegro,908.0,Europe,925.0,Southern Europe,901.0,Developed regions,0.0,0.0,0.0,0.0,0.0,0.0,0.0,0.0,0.0,0.0,0.0,0.0,0.0,0.0,0.0,0.0,0.0,0.0,0.0,0.0,0.0,0.0,0.0,1.0,0.0,0.0,0.0,7.0,19.0,10.0,14.0,19.0,26.0,9.0
Immigrants,Foreigners,Morocco,903.0,Africa,912.0,Northern Africa,902.0,Developing regions,325.0,471.0,447.0,335.0,248.0,328.0,388.0,505.0,685.0,1060.0,1313.0,1390.0,1055.0,1042.0,660.0,1069.0,939.0,1095.0,1262.0,1870.0,2664.0,4067.0,4174.0,3369.0,3686.0,2939.0,3322.0,4021.0,4226.0,5532.0,6242.0,4399.0,3878.0,3261.0
Immigrants,Foreigners,Mozambique,903.0,Africa,910.0,Eastern Africa,902.0,Developing regions,0.0,0.0,7.0,2.0,3.0,1.0,3.0,1.0,5.0,5.0,3.0,6.0,6.0,8.0,3.0,5.0,1.0,2.0,8.0,8.0,3.0,2.0,5.0,3.0,8.0,5.0,9.0,5.0,5.0,12.0,7.0,3.0,4.0,12.0
Immigrants,Foreigners,Myanmar,935.0,Asia,920.0,South-Eastern Asia,902.0,Developing regions,80.0,62.0,46.0,31.0,41.0,23.0,18.0,33.0,55.0,77.0,133.0,104.0,62.0,100.0,172.0,199.0,229.0,205.0,68.0,98.0,121.0,113.0,164.0,263.0,191.0,210.0,953.0,1887.0,975.0,1153.0,556.0,368.0,193.0,262.0
Immigrants,Foreigners,Namibia,903.0,Africa,913.0,Southern Africa,902.0,Developing regions,0.0,5.0,5.0,3.0,2.0,1.0,1.0,4.0,3.0,2.0,2.0,4.0,0.0,5.0,0.0,9.0,2.0,0.0,0.0,4.0,9.0,9.0,10.0,7.0,9.0,6.0,19.0,13.0,26.0,14.0,16.0,23.0,24.0,83.0
Immigrants,Foreigners,Nauru,909.0,Oceania,954.0,Micronesia,902.0,Developing regions,1.0,0.0,0.0,0.0,0.0,0.0,0.0,0.0,1.0,0.0,0.0,0.0,0.0,0.0,0.0,0.0,0.0,0.0,0.0,1.0,1.0,3.0,2.0,4.0,1.0,1.0,1.0,0.0,0.0,1.0,0.0,0.0,0.0,1.0
Immigrants,Foreigners,Nepal,935.0,Asia,5501.0,Southern Asia,902.0,Developing regions,1.0,1.0,6.0,1.0,2.0,4.0,13.0,6.0,13.0,4.0,23.0,29.0,32.0,40.0,31.0,66.0,132.0,155.0,104.0,157.0,236.0,272.0,363.0,313.0,404.0,607.0,540.0,511.0,581.0,561.0,1392.0,1129.0,1185.0,1308.0
Immigrants,Foreigners,Netherlands,908.0,Europe,926.0,Western Europe,901.0,Developed regions,1889.0,1858.0,1852.0,716.0,560.0,510.0,539.0,647.0,832.0,825.0,637.0,614.0,609.0,637.0,532.0,596.0,994.0,712.0,653.0,873.0,838.0,806.0,676.0,617.0,749.0,813.0,837.0,615.0,818.0,786.0,759.0,586.0,504.0,395.0
Immigrants,Foreigners,New Caledonia,909.0,Oceania,928.0,Melanesia,902.0,Developing regions,0.0,0.0,0.0,0.0,0.0,0.0,0.0,0.0,0.0,0.0,0.0,0.0,0.0,0.0,0.0,0.0,0.0,0.0,0.0,0.0,0.0,1.0,0.0,1.0,0.0,0.0,0.0,0.0,1.0,0.0,0.0,0.0,0.0,2.0
Immigrants,Foreigners,New Zealand,909.0,Oceania,927.0,Australia and New Zealand,901.0,Developed regions,602.0,480.0,364.0,140.0,164.0,148.0,176.0,208.0,200.0,237.0,270.0,227.0,341.0,352.0,234.0,210.0,219.0,181.0,146.0,164.0,212.0,360.0,321.0,345.0,350.0,370.0,318.0,350.0,480.0,520.0,490.0,375.0,417.0,415.0
Immigrants,Foreigners,Nicaragua,904.0,Latin America and the Caribbean,916.0,Central America,902.0,Developing regions,18.0,21.0,27.0,55.0,126.0,468.0,670.0,1073.0,969.0,705.0,710.0,1517.0,2062.0,1069.0,261.0,251.0,248.0,195.0,124.0,144.0,140.0,108.0,69.0,88.0,67.0,79.0,96.0,76.0,124.0,116.0,94.0,123.0,106.0,96.0
Immigrants,Foreigners,Niger,903.0,Africa,914.0,Western Africa,902.0,Developing regions,0.0,0.0,1.0,1.0,0.0,0.0,0.0,4.0,0.0,1.0,1.0,7.0,7.0,4.0,2.0,13.0,7.0,14.0,12.0,19.0,20.0,23.0,30.0,30.0,38.0,59.0,57.0,75.0,75.0,82.0,80.0,90.0,95.0,105.0
Immigrants,Foreigners,Nigeria,903.0,Africa,914.0,Western Africa,902.0,Developing regions,81.0,60.0,58.0,58.0,78.0,78.0,114.0,149.0,122.0,195.0,181.0,281.0,498.0,428.0,323.0,430.0,531.0,657.0,757.0,966.0,1182.0,1426.0,1403.0,1064.0,1518.0,2236.0,2594.0,2375.0,2109.0,3156.0,3906.0,3103.0,3443.0,4172.0
Immigrants,Foreigners,Norway,908.0,Europe,924.0,Northern Europe,901.0,Developed regions,116.0,77.0,106.0,51.0,31.0,54.0,56.0,80.0,73.0,76.0,83.0,103.0,74.0,92.0,60.0,65.0,70.0,104.0,31.0,36.0,56.0,78.0,74.0,77.0,73.0,57.0,53.0,73.0,66.0,75.0,46.0,49.0,53.0,59.0
Immigrants,Foreigners,Oman,935.0,Asia,922.0,Western Asia,902.0,Developing regions,0.0,0.0,0.0,8.0,0.0,0.0,0.0,3.0,0.0,1.0,5.0,0.0,5.0,1.0,12.0,11.0,2.0,7.0,4.0,3.0,7.0,12.0,7.0,11.0,12.0,14.0,18.0,16.0,10.0,7.0,14.0,10.0,13.0,11.0
Immigrants,Foreigners,Pakistan,935.0,Asia,5501.0,Southern Asia,902.0,Developing regions,978.0,972.0,1201.0,900.0,668.0,514.0,691.0,1072.0,1334.0,2261.0,2470.0,3079.0,4071.0,4777.0,4666.0,4994.0,9125.0,13073.0,9068.0,9979.0,15400.0,16708.0,15110.0,13205.0,13399.0,14314.0,13127.0,10124.0,8994.0,7217.0,6811.0,7468.0,11227.0,12603.0
Immigrants,Foreigners,Palau,909.0,Oceania,954.0,Micronesia,902.0,Developing regions,0.0,0.0,0.0,0.0,0.0,0.0,0.0,0.0,0.0,0.0,0.0,0.0,0.0,0.0,0.0,0.0,0.0,0.0,0.0,0.0,0.0,0.0,0.0,0.0,0.0,0.0,0.0,1.0,0.0,0.0,0.0,0.0,0.0,0.0
Immigrants,Foreigners,Panama,904.0,Latin America and the Caribbean,916.0,Central America,902.0,Developing regions,13.0,8.0,14.0,10.0,11.0,17.0,16.0,26.0,21.0,108.0,116.0,658.0,611.0,420.0,103.0,63.0,73.0,70.0,37.0,22.0,45.0,50.0,48.0,54.0,38.0,57.0,73.0,63.0,52.0,73.0,65.0,49.0,34.0,43.0
Immigrants,Foreigners,Papua New Guinea,909.0,Oceania,928.0,Melanesia,902.0,Developing regions,0.0,2.0,2.0,4.0,2.0,2.0,1.0,1.0,3.0,0.0,1.0,2.0,4.0,0.0,5.0,1.0,2.0,0.0,0.0,1.0,4.0,2.0,0.0,4.0,1.0,1.0,0.0,0.0,9.0,1.0,3.0,0.0,3.0,3.0
Immigrants,Foreigners,Paraguay,904.0,Latin America and the Caribbean,931.0,South America,902.0,Developing regions,45.0,26.0,32.0,40.0,48.0,36.0,34.0,72.0,53.0,48.0,56.0,51.0,94.0,75.0,46.0,39.0,38.0,30.0,25.0,34.0,29.0,34.0,60.0,88.0,74.0,75.0,88.0,98.0,95.0,88.0,89.0,83.0,55.0,66.0
Immigrants,Foreigners,Peru,904.0,Latin America and the Caribbean,931.0,South America,902.0,Developing regions,317.0,456.0,401.0,241.0,306.0,328.0,628.0,843.0,1237.0,1667.0,1384.0,1522.0,1632.0,1274.0,993.0,827.0,845.0,676.0,493.0,560.0,603.0,849.0,855.0,1023.0,1460.0,1653.0,1473.0,1490.0,1094.0,1884.0,1283.0,886.0,787.0,682.0
Immigrants,Foreigners,Philippines,935.0,Asia,920.0,South-Eastern Asia,902.0,Developing regions,6051.0,5921.0,5249.0,4562.0,3801.0,3150.0,4166.0,7360.0,8639.0,11865.0,12509.0,12718.0,13670.0,20479.0,19532.0,15864.0,13692.0,11549.0,8735.0,9734.0,10763.0,13836.0,11707.0,12758.0,14004.0,18139.0,18400.0,19837.0,24887.0,28573.0,38617.0,36765.0,34315.0,29544.0
Immigrants,Foreigners,Poland,908.0,Europe,923.0,Eastern Europe,901.0,Developed regions,863.0,2930.0,5881.0,4546.0,3588.0,2819.0,4808.0,6931.0,9211.0,16025.0,17040.0,16028.0,12145.0,6960.0,3550.0,2405.0,2136.0,1758.0,1488.0,1354.0,1471.0,1601.0,1447.0,1394.0,1533.0,1405.0,1263.0,1235.0,1267.0,1013.0,795.0,720.0,779.0,852.0
Immigrants,Foreigners,Portugal,908.0,Europe,925.0,Southern Europe,901.0,Developed regions,4473.0,3486.0,2432.0,1433.0,1398.0,1451.0,2617.0,7684.0,6888.0,8570.0,8452.0,6286.0,3328.0,2347.0,1599.0,1405.0,1237.0,1167.0,625.0,458.0,469.0,531.0,364.0,329.0,336.0,338.0,424.0,405.0,665.0,623.0,629.0,528.0,560.0,630.0
Immigrants,Foreigners,Qatar,935.0,Asia,922.0,Western Asia,902.0,Developing regions,0.0,0.0,0.0,0.0,0.0,0.0,1.0,0.0,1.0,0.0,2.0,6.0,5.0,3.0,2.0,4.0,4.0,7.0,3.0,7.0,4.0,21.0,4.0,4.0,5.0,11.0,2.0,5.0,9.0,6.0,18.0,3.0,14.0,6.0
Immigrants,Foreigners,Republic of Korea,935.0,Asia,906.0,Eastern Asia,902.0,Developing regions,1011.0,1456.0,1572.0,1081.0,847.0,962.0,1208.0,2338.0,2805.0,2979.0,2087.0,2598.0,3790.0,3819.0,3005.0,3501.0,3250.0,4093.0,4938.0,7108.0,7618.0,9619.0,7342.0,7117.0,5352.0,5832.0,6215.0,5920.0,7294.0,5874.0,5537.0,4588.0,5316.0,4509.0
Immigrants,Foreigners,Republic of Moldova,908.0,Europe,923.0,Eastern Europe,901.0,Developed regions,0.0,0.0,0.0,0.0,0.0,0.0,0.0,0.0,0.0,0.0,0.0,0.0,20.0,70.0,225.0,273.0,230.0,294.0,216.0,199.0,288.0,513.0,612.0,592.0,628.0,655.0,803.0,1099.0,1127.0,1535.0,1988.0,1367.0,1416.0,1231.0
Immigrants,Foreigners,Romania,908.0,Europe,923.0,Eastern Europe,901.0,Developed regions,375.0,438.0,583.0,543.0,524.0,604.0,656.0,1202.0,1106.0,1582.0,2252.0,2337.0,3147.0,3676.0,3495.0,4279.0,3909.0,3993.0,3033.0,3538.0,4539.0,5652.0,5765.0,5541.0,5755.0,5048.0,4468.0,3834.0,2837.0,2076.0,1922.0,1776.0,1588.0,1512.0
Immigrants,Foreigners,Russian Federation,908.0,Europe,923.0,Eastern Europe,901.0,Developed regions,0.0,0.0,0.0,0.0,0.0,0.0,0.0,0.0,0.0,0.0,0.0,0.0,172.0,906.0,1327.0,1819.0,2640.0,3708.0,4388.0,4053.0,3843.0,4351.0,3941.0,3718.0,3989.0,3972.0,3117.0,2983.0,2690.0,2931.0,2288.0,1963.0,2079.0,2466.0
Immigrants,Foreigners,Rwanda,903.0,Africa,910.0,Eastern Africa,902.0,Developing regions,6.0,6.0,8.0,4.0,3.0,0.0,9.0,3.0,12.0,11.0,16.0,18.0,53.0,68.0,73.0,159.0,227.0,144.0,192.0,410.0,383.0,286.0,215.0,290.0,299.0,378.0,360.0,420.0,358.0,415.0,396.0,492.0,562.0,415.0
Immigrants,Foreigners,Saint Kitts and Nevis,904.0,Latin America and the Caribbean,915.0,Caribbean,902.0,Developing regions,5.0,3.0,0.0,16.0,21.0,17.0,36.0,43.0,39.0,45.0,32.0,31.0,52.0,29.0,20.0,20.0,18.0,22.0,12.0,9.0,11.0,11.0,8.0,12.0,8.0,11.0,3.0,10.0,25.0,11.0,22.0,12.0,21.0,18.0
Immigrants,Foreigners,Saint Lucia,904.0,Latin America and the Caribbean,915.0,Caribbean,902.0,Developing regions,69.0,89.0,133.0,69.0,68.0,80.0,95.0,92.0,77.0,76.0,95.0,126.0,120.0,142.0,76.0,100.0,111.0,84.0,57.0,83.0,94.0,116.0,82.0,89.0,110.0,185.0,190.0,255.0,298.0,257.0,249.0,261.0,382.0,392.0
Immigrants,Foreigners,Saint Vincent and the Grenadines,904.0,Latin America and the Caribbean,915.0,Caribbean,902.0,Developing regions,147.0,190.0,202.0,154.0,158.0,182.0,209.0,216.0,133.0,133.0,179.0,288.0,290.0,370.0,187.0,243.0,256.0,272.0,193.0,209.0,279.0,288.0,240.0,199.0,294.0,343.0,383.0,579.0,434.0,511.0,434.0,451.0,523.0,538.0
Immigrants,Foreigners,Samoa,909.0,Oceania,957.0,Polynesia,902.0,Developing regions,3.0,7.0,4.0,1.0,3.0,0.0,3.0,0.0,1.0,1.0,2.0,3.0,1.0,5.0,3.0,2.0,2.0,3.0,4.0,0.0,1.0,2.0,2.0,3.0,3.0,2.0,0.0,1.0,4.0,2.0,5.0,3.0,2.0,0.0
Immigrants,Foreigners,San Marino,908.0,Europe,925.0,Southern Europe,901.0,Developed regions,1.0,0.0,0.0,0.0,0.0,0.0,1.0,0.0,0.0,0.0,1.0,0.0,0.0,0.0,0.0,0.0,0.0,0.0,0.0,0.0,0.0,0.0,0.0,1.0,0.0,0.0,0.0,0.0,0.0,0.0,1.0,0.0,0.0,0.0
Immigrants,Foreigners,Sao Tome and Principe,903.0,Africa,911.0,Middle Africa,902.0,Developing regions,0.0,0.0,0.0,0.0,0.0,0.0,0.0,0.0,0.0,0.0,0.0,0.0,0.0,0.0,0.0,0.0,0.0,2.0,0.0,0.0,1.0,0.0,0.0,0.0,1.0,1.0,1.0,0.0,0.0,1.0,2.0,0.0,0.0,1.0
Immigrants,Foreigners,Saudi Arabia,935.0,Asia,922.0,Western Asia,902.0,Developing regions,0.0,0.0,1.0,4.0,1.0,2.0,5.0,7.0,29.0,41.0,22.0,47.0,71.0,55.0,43.0,40.0,84.0,78.0,71.0,74.0,89.0,98.0,71.0,70.0,128.0,198.0,252.0,188.0,249.0,246.0,330.0,278.0,286.0,267.0
Immigrants,Foreigners,Senegal,903.0,Africa,914.0,Western Africa,902.0,Developing regions,13.0,10.0,9.0,11.0,7.0,11.0,16.0,19.0,17.0,22.0,38.0,71.0,80.0,77.0,49.0,67.0,122.0,82.0,107.0,116.0,121.0,129.0,165.0,171.0,210.0,278.0,416.0,433.0,555.0,668.0,765.0,740.0,949.0,818.0
Immigrants,Foreigners,Serbia,908.0,Europe,925.0,Southern Europe,901.0,Developed regions,0.0,0.0,0.0,0.0,0.0,0.0,0.0,0.0,0.0,0.0,0.0,0.0,0.0,0.0,0.0,0.0,0.0,0.0,0.0,0.0,0.0,0.0,0.0,0.0,0.0,0.0,3.0,50.0,259.0,365.0,271.0,299.0,395.0,297.0
Immigrants,Foreigners,Seychelles,903.0,Africa,910.0,Eastern Africa,902.0,Developing regions,5.0,15.0,3.0,4.0,1.0,8.0,13.0,24.0,19.0,25.0,78.0,233.0,369.0,191.0,34.0,19.0,27.0,12.0,18.0,17.0,15.0,9.0,4.0,13.0,15.0,25.0,8.0,9.0,18.0,4.0,10.0,10.0,6.0,5.0
Immigrants,Foreigners,Sierra Leone,903.0,Africa,914.0,Western Africa,902.0,Developing regions,6.0,6.0,7.0,3.0,12.0,10.0,13.0,57.0,26.0,18.0,12.0,41.0,59.0,24.0,36.0,48.0,63.0,83.0,53.0,42.0,308.0,386.0,412.0,391.0,347.0,191.0,138.0,92.0,103.0,70.0,63.0,96.0,72.0,63.0
Immigrants,Foreigners,Singapore,935.0,Asia,920.0,South-Eastern Asia,902.0,Developing regions,241.0,301.0,337.0,169.0,128.0,139.0,205.0,372.0,808.0,1269.0,843.0,657.0,492.0,474.0,375.0,407.0,409.0,287.0,231.0,437.0,444.0,473.0,588.0,391.0,311.0,392.0,298.0,690.0,734.0,366.0,805.0,219.0,146.0,141.0
Immigrants,Foreigners,Slovakia,908.0,Europe,923.0,Eastern Europe,901.0,Developed regions,0.0,0.0,0.0,0.0,0.0,0.0,0.0,0.0,0.0,0.0,0.0,1.0,0.0,113.0,103.0,143.0,232.0,236.0,289.0,500.0,460.0,585.0,615.0,501.0,597.0,369.0,241.0,215.0,125.0,128.0,135.0,134.0,136.0,105.0
Immigrants,Foreigners,Slovenia,908.0,Europe,925.0,Southern Europe,901.0,Developed regions,0.0,0.0,0.0,0.0,0.0,0.0,0.0,0.0,0.0,0.0,0.0,0.0,5.0,46.0,47.0,22.0,41.0,26.0,15.0,35.0,24.0,22.0,16.0,18.0,17.0,23.0,11.0,29.0,18.0,27.0,12.0,13.0,36.0,20.0
Immigrants,Foreigners,Somalia,903.0,Africa,910.0,Eastern Africa,902.0,Developing regions,7.0,10.0,7.0,12.0,14.0,10.0,37.0,190.0,217.0,401.0,1059.0,3266.0,5794.0,3734.0,1576.0,2000.0,1541.0,1084.0,1397.0,1652.0,1568.0,1155.0,730.0,957.0,1364.0,1198.0,1061.0,1166.0,1015.0,1214.0,1528.0,1535.0,1582.0,2028.0
Immigrants,Foreigners,South Africa,903.0,Africa,913.0,Southern Africa,902.0,Developing regions,1026.0,1118.0,781.0,379.0,271.0,310.0,718.0,1470.0,1305.0,1301.0,902.0,823.0,1059.0,1549.0,2366.0,1455.0,1308.0,1729.0,1350.0,1478.0,1763.0,1899.0,1498.0,1245.0,1175.0,988.0,1111.0,1200.0,1123.0,1188.0,1238.0,959.0,1243.0,1240.0
Immigrants,Foreigners,Spain,908.0,Europe,925.0,Southern Europe,901.0,Developed regions,211.0,299.0,260.0,133.0,137.0,98.0,121.0,176.0,137.0,168.0,122.0,165.0,130.0,160.0,84.0,78.0,105.0,88.0,87.0,81.0,93.0,79.0,87.0,89.0,133.0,126.0,124.0,137.0,169.0,195.0,174.0,179.0,262.0,331.0
Immigrants,Foreigners,Sri Lanka,935.0,Asia,5501.0,Southern Asia,902.0,Developing regions,185.0,371.0,290.0,197.0,1086.0,845.0,1838.0,4447.0,2779.0,2758.0,3525.0,7266.0,13102.0,9563.0,7150.0,9368.0,6484.0,5415.0,3566.0,4982.0,6081.0,5861.0,5279.0,4892.0,4495.0,4930.0,4714.0,4123.0,4756.0,4547.0,4422.0,3309.0,3338.0,2394.0
Immigrants,Foreigners,State of Palestine,935.0,Asia,922.0,Western Asia,902.0,Developing regions,0.0,0.0,0.0,0.0,0.0,0.0,0.0,0.0,0.0,0.0,0.0,0.0,0.0,0.0,0.0,0.0,8.0,26.0,146.0,180.0,238.0,343.0,266.0,323.0,376.0,453.0,627.0,441.0,481.0,400.0,654.0,555.0,533.0,462.0
Immigrants,Foreigners,Sudan,903.0,Africa,912.0,Northern Africa,902.0,Developing regions,20.0,12.0,11.0,7.0,23.0,32.0,57.0,43.0,54.0,98.0,151.0,230.0,510.0,432.0,361.0,492.0,714.0,832.0,639.0,589.0,914.0,1105.0,1489.0,1862.0,1823.0,1310.0,1039.0,683.0,622.0,422.0,612.0,531.0,444.0,343.0
Immigrants,Foreigners,Suriname,904.0,Latin America and the Caribbean,931.0,South America,902.0,Developing regions,15.0,10.0,21.0,12.0,5.0,16.0,7.0,46.0,16.0,24.0,26.0,13.0,53.0,51.0,32.0,58.0,51.0,35.0,22.0,11.0,16.0,22.0,22.0,22.0,17.0,15.0,16.0,20.0,9.0,12.0,13.0,11.0,16.0,4.0
Immigrants,Foreigners,Swaziland,903.0,Africa,913.0,Southern Africa,902.0,Developing regions,4.0,1.0,1.0,0.0,10.0,7.0,1.0,2.0,7.0,3.0,4.0,1.0,4.0,2.0,3.0,5.0,2.0,4.0,3.0,4.0,2.0,2.0,1.0,0.0,8.0,7.0,7.0,5.0,6.0,10.0,3.0,13.0,17.0,39.0
Immigrants,Foreigners,Sweden,908.0,Europe,924.0,Northern Europe,901.0,Developed regions,281.0,308.0,222.0,176.0,128.0,158.0,187.0,198.0,171.0,182.0,130.0,167.0,179.0,203.0,192.0,176.0,161.0,151.0,123.0,170.0,138.0,184.0,149.0,161.0,129.0,205.0,139.0,193.0,165.0,167.0,159.0,134.0,140.0,140.0
Immigrants,Foreigners,Switzerland,908.0,Europe,926.0,Western Europe,901.0,Developed regions,806.0,811.0,634.0,370.0,326.0,314.0,294.0,565.0,508.0,523.0,505.0,602.0,666.0,728.0,475.0,687.0,823.0,666.0,510.0,536.0,471.0,383.0,276.0,346.0,337.0,270.0,258.0,308.0,357.0,328.0,285.0,266.0,243.0,201.0
Immigrants,Foreigners,Syrian Arab Republic,935.0,Asia,922.0,Western Asia,902.0,Developing regions,315.0,419.0,409.0,269.0,264.0,385.0,493.0,927.0,864.0,1454.0,1791.0,1596.0,1172.0,1247.0,965.0,1053.0,942.0,859.0,892.0,823.0,924.0,1067.0,956.0,1085.0,1116.0,1458.0,1145.0,1056.0,919.0,917.0,1039.0,1005.0,650.0,1009.0
Immigrants,Foreigners,Tajikistan,935.0,Asia,5500.0,Central Asia,902.0,Developing regions,0.0,0.0,0.0,0.0,0.0,0.0,0.0,0.0,0.0,0.0,0.0,0.0,0.0,5.0,5.0,5.0,2.0,11.0,4.0,4.0,5.0,20.0,9.0,7.0,14.0,85.0,46.0,44.0,15.0,50.0,52.0,47.0,34.0,39.0
Immigrants,Foreigners,Thailand,935.0,Asia,920.0,South-Eastern Asia,902.0,Developing regions,56.0,53.0,113.0,65.0,82.0,66.0,78.0,117.0,147.0,177.0,171.0,219.0,219.0,279.0,237.0,172.0,195.0,152.0,201.0,246.0,258.0,309.0,547.0,439.0,392.0,575.0,500.0,487.0,519.0,512.0,499.0,396.0,296.0,400.0
Immigrants,Foreigners,The former Yugoslav Republic of Macedonia,908.0,Europe,925.0,Southern Europe,901.0,Developed regions,0.0,0.0,0.0,0.0,0.0,0.0,0.0,0.0,0.0,0.0,0.0,0.0,0.0,65.0,225.0,193.0,138.0,71.0,106.0,180.0,237.0,291.0,353.0,638.0,443.0,285.0,256.0,211.0,191.0,198.0,188.0,130.0,126.0,112.0
Immigrants,Foreigners,Togo,903.0,Africa,914.0,Western Africa,902.0,Developing regions,5.0,5.0,2.0,3.0,6.0,5.0,8.0,23.0,11.0,14.0,17.0,23.0,39.0,38.0,18.0,49.0,75.0,52.0,53.0,52.0,57.0,94.0,105.0,106.0,163.0,157.0,149.0,235.0,351.0,400.0,354.0,261.0,299.0,316.0
Immigrants,Foreigners,Tonga,909.0,Oceania,957.0,Polynesia,902.0,Developing regions,2.0,4.0,7.0,1.0,2.0,5.0,7.0,0.0,4.0,9.0,7.0,4.0,4.0,5.0,7.0,9.0,8.0,8.0,2.0,6.0,0.0,6.0,2.0,5.0,5.0,2.0,0.0,1.0,0.0,5.0,5.0,2.0,3.0,5.0
Immigrants,Foreigners,Trinidad and Tobago,904.0,Latin America and the Caribbean,915.0,Caribbean,902.0,Developing regions,958.0,947.0,972.0,766.0,606.0,699.0,955.0,1676.0,2218.0,3054.0,2843.0,3026.0,4374.0,4246.0,2338.0,2591.0,2198.0,1748.0,1189.0,1166.0,899.0,904.0,928.0,707.0,730.0,857.0,794.0,975.0,1002.0,1134.0,915.0,588.0,586.0,427.0
Immigrants,Foreigners,Tunisia,903.0,Africa,912.0,Northern Africa,902.0,Developing regions,58.0,51.0,55.0,46.0,51.0,57.0,64.0,86.0,130.0,242.0,326.0,306.0,315.0,245.0,197.0,271.0,256.0,242.0,237.0,323.0,437.0,788.0,661.0,669.0,764.0,756.0,1065.0,869.0,950.0,1195.0,1299.0,1442.0,1503.0,1627.0
Immigrants,Foreigners,Turkey,935.0,Asia,922.0,Western Asia,902.0,Developing regions,481.0,874.0,706.0,280.0,338.0,202.0,257.0,397.0,346.0,488.0,767.0,941.0,1116.0,1316.0,908.0,732.0,638.0,679.0,777.0,806.0,1101.0,1184.0,1301.0,1338.0,1736.0,2065.0,1638.0,1463.0,1122.0,1238.0,1492.0,1257.0,1068.0,729.0
Immigrants,Foreigners,Turkmenistan,935.0,Asia,5500.0,Central Asia,902.0,Developing regions,0.0,0.0,0.0,0.0,0.0,0.0,0.0,0.0,0.0,0.0,0.0,0.0,0.0,1.0,1.0,0.0,10.0,6.0,4.0,2.0,7.0,10.0,11.0,22.0,16.0,40.0,26.0,37.0,13.0,20.0,30.0,20.0,20.0,14.0
Immigrants,Foreigners,Tuvalu,909.0,Oceania,957.0,Polynesia,902.0,Developing regions,0.0,1.0,0.0,0.0,1.0,0.0,0.0,0.0,1.0,0.0,0.0,0.0,1.0,0.0,0.0,0.0,0.0,0.0,0.0,0.0,0.0,0.0,0.0,0.0,2.0,0.0,0.0,1.0,0.0,0.0,0.0,1.0,0.0,0.0
Immigrants,Foreigners,Uganda,903.0,Africa,910.0,Eastern Africa,902.0,Developing regions,13.0,16.0,17.0,38.0,32.0,29.0,40.0,70.0,60.0,47.0,75.0,69.0,143.0,79.0,54.0,91.0,62.0,43.0,40.0,51.0,64.0,94.0,90.0,117.0,160.0,239.0,201.0,170.0,204.0,185.0,216.0,213.0,222.0,206.0
Immigrants,Foreigners,Ukraine,908.0,Europe,923.0,Eastern Europe,901.0,Developed regions,0.0,0.0,0.0,0.0,0.0,0.0,0.0,0.0,0.0,0.0,0.0,0.0,103.0,761.0,1289.0,1751.0,2684.0,2518.0,2702.0,2836.0,3351.0,3514.0,3520.0,2759.0,2431.0,2270.0,1973.0,2218.0,1937.0,2367.0,3159.0,2515.0,2265.0,2487.0
Immigrants,Foreigners,United Arab Emirates,935.0,Asia,922.0,Western Asia,902.0,Developing regions,0.0,2.0,2.0,1.0,2.0,0.0,5.0,4.0,1.0,17.0,7.0,23.0,27.0,11.0,13.0,8.0,33.0,27.0,25.0,24.0,27.0,41.0,37.0,32.0,41.0,31.0,42.0,37.0,33.0,37.0,86.0,60.0,54.0,46.0
Immigrants,Foreigners,United Kingdom of Great Britain and Northern Ireland,908.0,Europe,924.0,Northern Europe,901.0,Developed regions,22045.0,24796.0,20620.0,10015.0,10170.0,9564.0,9470.0,21337.0,27359.0,23795.0,31668.0,23380.0,34123.0,33720.0,39231.0,30145.0,29322.0,22965.0,10367.0,7045.0,8840.0,11728.0,8046.0,6797.0,7533.0,7258.0,7140.0,8216.0,8979.0,8876.0,8724.0,6204.0,6195.0,5827.0
Immigrants,Foreigners,United Republic of Tanzania,903.0,Africa,910.0,Eastern Africa,902.0,Developing regions,635.0,832.0,621.0,474.0,473.0,460.0,403.0,538.0,532.0,662.0,739.0,577.0,398.0,407.0,286.0,313.0,264.0,211.0,138.0,157.0,200.0,301.0,298.0,320.0,310.0,274.0,291.0,195.0,230.0,136.0,200.0,215.0,224.0,182.0
Immigrants,Foreigners,United States of America,905.0,Northern America,905.0,Northern America,901.0,Developed regions,9378.0,10030.0,9074.0,7100.0,6661.0,6543.0,7074.0,7705.0,6469.0,6790.0,5892.0,6054.0,6842.0,7435.0,5901.0,4890.0,5515.0,4753.0,4437.0,5196.0,5433.0,5604.0,4948.0,5543.0,6990.0,8394.0,9613.0,9463.0,10190.0,8995.0,8142.0,7676.0,7891.0,8501.0
Immigrants,Foreigners,Uruguay,904.0,Latin America and the Caribbean,931.0,South America,902.0,Developing regions,128.0,132.0,146.0,105.0,90.0,92.0,137.0,269.0,99.0,144.0,111.0,229.0,299.0,437.0,125.0,164.0,171.0,117.0,87.0,93.0,75.0,64.0,91.0,103.0,130.0,217.0,175.0,147.0,160.0,99.0,93.0,81.0,47.0,58.0
Immigrants,Foreigners,Uzbekistan,935.0,Asia,5500.0,Central Asia,902.0,Developing regions,0.0,0.0,0.0,0.0,0.0,0.0,0.0,0.0,0.0,0.0,0.0,0.0,12.0,44.0,33.0,34.0,58.0,75.0,97.0,106.0,101.0,102.0,144.0,155.0,175.0,330.0,262.0,284.0,215.0,288.0,289.0,162.0,235.0,167.0
Immigrants,Foreigners,Vanuatu,909.0,Oceania,928.0,Melanesia,902.0,Developing regions,0.0,0.0,0.0,0.0,0.0,0.0,0.0,0.0,0.0,0.0,1.0,0.0,4.0,0.0,0.0,0.0,0.0,0.0,0.0,0.0,0.0,1.0,0.0,1.0,1.0,1.0,1.0,0.0,0.0,1.0,0.0,0.0,0.0,0.0
Immigrants,Foreigners,Venezuela (Bolivarian Republic of),904.0,Latin America and the Caribbean,931.0,South America,902.0,Developing regions,103.0,117.0,174.0,124.0,142.0,165.0,179.0,229.0,279.0,304.0,344.0,487.0,610.0,490.0,334.0,402.0,520.0,686.0,489.0,464.0,443.0,560.0,524.0,699.0,1224.0,1211.0,1192.0,1335.0,1239.0,1353.0,998.0,1452.0,1373.0,1022.0
Immigrants,Foreigners,Viet Nam,935.0,Asia,920.0,South-Eastern Asia,902.0,Developing regions,1191.0,1829.0,2162.0,3404.0,7583.0,5907.0,2741.0,1406.0,1411.0,3004.0,3801.0,5870.0,5416.0,6547.0,5105.0,3723.0,2462.0,1752.0,1631.0,1419.0,1803.0,2117.0,2291.0,1713.0,1816.0,1852.0,3153.0,2574.0,1784.0,2171.0,1942.0,1723.0,1731.0,2112.0
Immigrants,Foreigners,Western Sahara,903.0,Africa,912.0,Northern Africa,902.0,Developing regions,0.0,0.0,0.0,0.0,0.0,0.0,0.0,0.0,0.0,0.0,0.0,1.0,0.0,0.0,0.0,0.0,0.0,0.0,0.0,0.0,0.0,0.0,0.0,0.0,0.0,0.0,1.0,0.0,0.0,0.0,0.0,0.0,0.0,0.0
Immigrants,Foreigners,Yemen,935.0,Asia,922.0,Western Asia,902.0,Developing regions,1.0,2.0,1.0,6.0,0.0,18.0,7.0,12.0,7.0,18.0,4.0,18.0,41.0,41.0,39.0,73.0,144.0,121.0,141.0,134.0,122.0,181.0,171.0,113.0,124.0,161.0,140.0,122.0,133.0,128.0,211.0,160.0,174.0,217.0
Immigrants,Foreigners,Zambia,903.0,Africa,910.0,Eastern Africa,902.0,Developing regions,11.0,17.0,11.0,7.0,16.0,9.0,15.0,23.0,44.0,68.0,77.0,69.0,73.0,46.0,51.0,41.0,34.0,72.0,34.0,51.0,39.0,78.0,50.0,46.0,56.0,91.0,77.0,71.0,64.0,60.0,102.0,69.0,46.0,59.0
Immigrants,Foreigners,Zimbabwe,903.0,Africa,910.0,Eastern Africa,902.0,Developing regions,72.0,114.0,102.0,44.0,32.0,29.0,43.0,68.0,99.0,187.0,129.0,94.0,61.0,72.0,78.0,58.0,39.0,44.0,43.0,49.0,98.0,110.0,191.0,669.0,1450.0,615.0,454.0,663.0,611.0,508.0,494.0,434.0,437.0,407.0
Immigrants,Foreigners,Unknown,999.0,World,999.0,World,999.0,World,44000.0,18078.0,16904.0,13635.0,14855.0,14368.0,13303.0,17304.0,22279.0,27118.0,28397.0,25293.0,33100.0,34589.0,30717.0,25152.0,25986.0,23151.0,13468.0,10132.0,10743.0,7993.0,5938.0,4052.0,3739.0,4785.0,4583.0,4348.0,4197.0,3402.0,3731.0,2554.0,1681.0,1484.0
,,,,,,,,,,,,,,,,,,,,,,,,,,,,,,,,,,,,,,,,,,
,,,,,,,,,,,,,,,,,,,,,,,,,,,,,,,,,,,,,,,,,,
,,,,,,,,,,,,,,,,,,,,,,,,,,,,,,,,,,,,,,,,,,
,,,,,,,,,,,,,,,,,,,,,,,,,,,,,,,,,,,,,,,,,,
,,,,,,,,,,,,,,,,,,,,,,,,,,,,,,,,,,,,,,,,,,
,,,,,,,,,,,,,,,,,,,,,,,,,,,,,,,,,,,,,,,,,,
,,,,,,,,,,,,,,,,,,,,,,,,,,,,,,,,,,,,,,,,,,
,,,,,,,,,,,,,,,,,,,,,,,,,,,,,,,,,,,,,,,,,,
,,,,,,,,,,,,,,,,,,,,,,,,,,,,,,,,,,,,,,,,,,
,,,,,,,,,,,,,,,,,,,,,,,,,,,,,,,,,,,,,,,,,,
,,,,,,,,,,,,,,,,,,,,,,,,,,,,,,,,,,,,,,,,,,
,,,,,,,,,,,,,,,,,,,,,,,,,,,,,,,,,,,,,,,,,,
,,,,,,,,,,,,,,,,,,,,,,,,,,,,,,,,,,,,,,,,,,
,,,,,,,,,,,,,,,,,,,,,,,,,,,,,,,,,,,,,,,,,,
,,,,,,,,,,,,,,,,,,,,,,,,,,,,,,,,,,,,,,,,,,
,,,,,,,,,,,,,,,,,,,,,,,,,,,,,,,,,,,,,,,,,,
,,,,,,,,,,,,,,,,,,,,,,,,,,,,,,,,,,,,,,,,,,
,,,,,,,,,,,,,,,,,,,,,,,,,,,,,,,,,,,,,,,,,,
,,,,,,,,,,,,,,,,,,,,,,,,,,,,,,,,,,,,,,,,,,
,,,,,,,,,,,,,,,,,,,,,,,,,,,,,,,,,,,,,,,,,,
,,,,,,,,,,,,,,,,,,,,,,,,,,,,,,,,,,,,,,,,,,
,,,,,,,,,,,,,,,,,,,,,,,,,,,,,,,,,,,,,,,,,,
,,,,,,,,,,,,,,,,,,,,,,,,,,,,,,,,,,,,,,,,,,
,,,,,,,,,,,,,,,,,,,,,,,,,,,,,,,,,,,,,,,,,,
,,,,,,,,,,,,,,,,,,,,,,,,,,,,,,,,,,,,,,,,,,
,,,,,,,,,,,,,,,,,,,,,,,,,,,,,,,,,,,,,,,,,,
,,,,,,,,,,,,,,,,,,,,,,,,,,,,,,,,,,,,,,,,,,
,,,,,,,,,,,,,,,,,,,,,,,,,,,,,,,,,,,,,,,,,,
,,,,,,,,,,,,,,,,,,,,,,,,,,,,,,,,,,,,,,,,,,
,,,,,,,,,,,,,,,,,,,,,,,,,,,,,,,,,,,,,,,,,,
,,,,,,,,,,,,,,,,,,,,,,,,,,,,,,,,,,,,,,,,,,
,,,,,,,,,,,,,,,,,,,,,,,,,,,,,,,,,,,,,,,,,,
,,,,,,,,,,,,,,,,,,,,,,,,,,,,,,,,,,,,,,,,,,
,,,,,,,,,,,,,,,,,,,,,,,,,,,,,,,,,,,,,,,,,,
,,,,,,,,,,,,,,,,,,,,,,,,,,,,,,,,,,,,,,,,,,
,,,,,,,,,,,,,,,,,,,,,,,,,,,,,,,,,,,,,,,,,,
,,,,,,,,,,,,,,,,,,,,,,,,,,,,,,,,,,,,,,,,,,
,,,,,,,,,,,,,,,,,,,,,,,,,,,,,,,,,,,,,,,,,,
,,,,,,,,,,,,,,,,,,,,,,,,,,,,,,,,,,,,,,,,,,
,,,,,,,,,,,,,,,,,,,,,,,,,,,,,,,,,,,,,,,,,,
,,,,,,,,,,,,,,,,,,,,,,,,,,,,,,,,,,,,,,,,,,
,,,,,,,,,,,,,,,,,,,,,,,,,,,,,,,,,,,,,,,,,,
,,,,,,,,,,,,,,,,,,,,,,,,,,,,,,,,,,,,,,,,,,
,,,,,,,,,,,,,,,,,,,,,,,,,,,,,,,,,,,,,,,,,,
,,,,,,,,,,,,,,,,,,,,,,,,,,,,,,,,,,,,,,,,,,
,,,,,,,,,,,,,,,,,,,,,,,,,,,,,,,,,,,,,,,,,,
,,,,,,,,,,,,,,,,,,,,,,,,,,,,,,,,,,,,,,,,,,
,,,,,,,,,,,,,,,,,,,,,,,,,,,,,,,,,,,,,,,,,,
,,,,,,,,,,,,,,,,,,,,,,,,,,,,,,,,,,,,,,,,,,
,,,,,,,,,,,,,,,,,,,,,,,,,,,,,,,,,,,,,,,,,,
,,,,,,,,,,,,,,,,,,,,,,,,,,,,,,,,,,,,,,,,,,
,,,,,,,,,,,,,,,,,,,,,,,,,,,,,,,,,,,,,,,,,,
,,,,,,,,,,,,,,,,,,,,,,,,,,,,,,,,,,,,,,,,,,
,,,,,,,,,,,,,,,,,,,,,,,,,,,,,,,,,,,,,,,,,,
,,,,,,,,,,,,,,,,,,,,,,,,,,,,,,,,,,,,,,,,,,
,,,,,,,,,,,,,,,,,,,,,,,,,,,,,,,,,,,,,,,,,,
,,,,,,,,,,,,,,,,,,,,,,,,,,,,,,,,,,,,,,,,,,
,,,,,,,,,,,,,,,,,,,,,,,,,,,,,,,,,,,,,,,,,,
,,,,,,,,,,,,,,,,,,,,,,,,,,,,,,,,,,,,,,,,,,
,,,,,,,,,,,,,,,,,,,,,,,,,,,,,,,,,,,,,,,,,,
,,,,,,,,,,,,,,,,,,,,,,,,,,,,,,,,,,,,,,,,,,
,,,,,,,,,,,,,,,,,,,,,,,,,,,,,,,,,,,,,,,,,,
,,,,,,,,,,,,,,,,,,,,,,,,,,,,,,,,,,,,,,,,,,
,,,,,,,,,,,,,,,,,,,,,,,,,,,,,,,,,,,,,,,,,,
,,,,,,,,,,,,,,,,,,,,,,,,,,,,,,,,,,,,,,,,,,
,,,,,,,,,,,,,,,,,,,,,,,,,,,,,,,,,,,,,,,,,,
,,,,,,,,,,,,,,,,,,,,,,,,,,,,,,,,,,,,,,,,,,
,,,,,,,,,,,,,,,,,,,,,,,,,,,,,,,,,,,,,,,,,,
,,,,,,,,,,,,,,,,,,,,,,,,,,,,,,,,,,,,,,,,,,
,,,,,,,,,,,,,,,,,,,,,,,,,,,,,,,,,,,,,,,,,,
,,,,,,,,,,,,,,,,,,,,,,,,,,,,,,,,,,,,,,,,,,
,,,,,,,,,,,,,,,,,,,,,,,,,,,,,,,,,,,,,,,,,,
,,,,,,,,,,,,,,,,,,,,,,,,,,,,,,,,,,,,,,,,,,
,,,,,,,,,,,,,,,,,,,,,,,,,,,,,,,,,,,,,,,,,,
,,,,,,,,,,,,,,,,,,,,,,,,,,,,,,,,,,,,,,,,,,
,,,,,,,,,,,,,,,,,,,,,,,,,,,,,,,,,,,,,,,,,,
,,,,,,,,,,,,,,,,,,,,,,,,,,,,,,,,,,,,,,,,,,
,,,,,,,,,,,,,,,,,,,,,,,,,,,,,,,,,,,,,,,,,,
,,,,,,,,,,,,,,,,,,,,,,,,,,,,,,,,,,,,,,,,,,
,,,,,,,,,,,,,,,,,,,,,,,,,,,,,,,,,,,,,,,,,,
,,,,,,,,,,,,,,,,,,,,,,,,,,,,,,,,,,,,,,,,,,
,,,,,,,,,,,,,,,,,,,,,,,,,,,,,,,,,,,,,,,,,,
,,,,,,,,,,,,,,,,,,,,,,,,,,,,,,,,,,,,,,,,,,
,,,,,,,,,,,,,,,,,,,,,,,,,,,,,,,,,,,,,,,,,,
,,,,,,,,,,,,,,,,,,,,,,,,,,,,,,,,,,,,,,,,,,
,,,,,,,,,,,,,,,,,,,,,,,,,,,,,,,,,,,,,,,,,,
,,,,,,,,,,,,,,,,,,,,,,,,,,,,,,,,,,,,,,,,,,
,,,,,,,,,,,,,,,,,,,,,,,,,,,,,,,,,,,,,,,,,,
,,,,,,,,,,,,,,,,,,,,,,,,,,,,,,,,,,,,,,,,,,
,,,,,,,,,,,,,,,,,,,,,,,,,,,,,,,,,,,,,,,,,,
,,,,,,,,,,,,,,,,,,,,,,,,,,,,,,,,,,,,,,,,,,
,,,,,,,,,,,,,,,,,,,,,,,,,,,,,,,,,,,,,,,,,,
,,,,,,,,,,,,,,,,,,,,,,,,,,,,,,,,,,,,,,,,,,
,,,,,,,,,,,,,,,,,,,,,,,,,,,,,,,,,,,,,,,,,,
,,,,,,,,,,,,,,,,,,,,,,,,,,,,,,,,,,,,,,,,,,
,,,,,,,,,,,,,,,,,,,,,,,,,,,,,,,,,,,,,,,,,,
,,,,,,,,,,,,,,,,,,,,,,,,,,,,,,,,,,,,,,,,,,
,,,,,,,,,,,,,,,,,,,,,,,,,,,,,,,,,,,,,,,,,,
,,,,,,,,,,,,,,,,,,,,,,,,,,,,,,,,,,,,,,,,,,
,,,,,,,,,,,,,,,,,,,,,,,,,,,,,,,,,,,,,,,,,,
,,,,,,,,,,,,,,,,,,,,,,,,,,,,,,,,,,,,,,,,,,
,,,,,,,,,,,,,,,,,,,,,,,,,,,,,,,,,,,,,,,,,,
,,,,,,,,,,,,,,,,,,,,,,,,,,,,,,,,,,,,,,,,,,
,,,,,,,,,,,,,,,,,,,,,,,,,,,,,,,,,,,,,,,,,,
,,,,,,,,,,,,,,,,,,,,,,,,,,,,,,,,,,,,,,,,,,
,,,,,,,,,,,,,,,,,,,,,,,,,,,,,,,,,,,,,,,,,,
,,,,,,,,,,,,,,,,,,,,,,,,,,,,,,,,,,,,,,,,,,
,,,,,,,,,,,,,,,,,,,,,,,,,,,,,,,,,,,,,,,,,,
,,,,,,,,,,,,,,,,,,,,,,,,,,,,,,,,,,,,,,,,,,
,,,,,,,,,,,,,,,,,,,,,,,,,,,,,,,,,,,,,,,,,,
,,,,,,,,,,,,,,,,,,,,,,,,,,,,,,,,,,,,,,,,,,
,,,,,,,,,,,,,,,,,,,,,,,,,,,,,,,,,,,,,,,,,,
,,,,,,,,,,,,,,,,,,,,,,,,,,,,,,,,,,,,,,,,,,
,,,,,,,,,,,,,,,,,,,,,,,,,,,,,,,,,,,,,,,,,,
,,,,,,,,,,,,,,,,,,,,,,,,,,,,,,,,,,,,,,,,,,
,,,,,,,,,,,,,,,,,,,,,,,,,,,,,,,,,,,,,,,,,,
,,,,,,,,,,,,,,,,,,,,,,,,,,,,,,,,,,,,,,,,,,
,,,,,,,,,,,,,,,,,,,,,,,,,,,,,,,,,,,,,,,,,,
,,,,,,,,,,,,,,,,,,,,,,,,,,,,,,,,,,,,,,,,,,
,,,,,,,,,,,,,,,,,,,,,,,,,,,,,,,,,,,,,,,,,,
,,,,,,,,,,,,,,,,,,,,,,,,,,,,,,,,,,,,,,,,,,
,,,,,,,,,,,,,,,,,,,,,,,,,,,,,,,,,,,,,,,,,,
,,,,,,,,,,,,,,,,,,,,,,,,,,,,,,,,,,,,,,,,,,
,,,,,,,,,,,,,,,,,,,,,,,,,,,,,,,,,,,,,,,,,,
,,,,,,,,,,,,,,,,,,,,,,,,,,,,,,,,,,,,,,,,,,
,,,,,,,,,,,,,,,,,,,,,,,,,,,,,,,,,,,,,,,,,,
,,,,,,,,,,,,,,,,,,,,,,,,,,,,,,,,,,,,,,,,,,
,,,,,,,,,,,,,,,,,,,,,,,,,,,,,,,,,,,,,,,,,,
,,,,,,,,,,,,,,,,,,,,,,,,,,,,,,,,,,,,,,,,,,
,,,,,,,,,,,,,,,,,,,,,,,,,,,,,,,,,,,,,,,,,,
,,,,,,,,,,,,,,,,,,,,,,,,,,,,,,,,,,,,,,,,,,
,,,,,,,,,,,,,,,,,,,,,,,,,,,,,,,,,,,,,,,,,,
,,,,,,,,,,,,,,,,,,,,,,,,,,,,,,,,,,,,,,,,,,
,,,,,,,,,,,,,,,,,,,,,,,,,,,,,,,,,,,,,,,,,,
,,,,,,,,,,,,,,,,,,,,,,,,,,,,,,,,,,,,,,,,,,
,,,,,,,,,,,,,,,,,,,,,,,,,,,,,,,,,,,,,,,,,,
,,,,,,,,,,,,,,,,,,,,,,,,,,,,,,,,,,,,,,,,,,
,,,,,,,,,,,,,,,,,,,,,,,,,,,,,,,,,,,,,,,,,,
,,,,,,,,,,,,,,,,,,,,,,,,,,,,,,,,,,,,,,,,,,
,,,,,,,,,,,,,,,,,,,,,,,,,,,,,,,,,,,,,,,,,,
,,,,,,,,,,,,,,,,,,,,,,,,,,,,,,,,,,,,,,,,,,
,,,,,,,,,,,,,,,,,,,,,,,,,,,,,,,,,,,,,,,,,,
,,,,,,,,,,,,,,,,,,,,,,,,,,,,,,,,,,,,,,,,,,
,,,,,,,,,,,,,,,,,,,,,,,,,,,,,,,,,,,,,,,,,,
,,,,,,,,,,,,,,,,,,,,,,,,,,,,,,,,,,,,,,,,,,
,,,,,,,,,,,,,,,,,,,,,,,,,,,,,,,,,,,,,,,,,,
,,,,,,,,,,,,,,,,,,,,,,,,,,,,,,,,,,,,,,,,,,
,,,,,,,,,,,,,,,,,,,,,,,,,,,,,,,,,,,,,,,,,,
,,,,,,,,,,,,,,,,,,,,,,,,,,,,,,,,,,,,,,,,,,
,,,,,,,,,,,,,,,,,,,,,,,,,,,,,,,,,,,,,,,,,,
,,,,,,,,,,,,,,,,,,,,,,,,,,,,,,,,,,,,,,,,,,
,,,,,,,,,,,,,,,,,,,,,,,,,,,,,,,,,,,,,,,,,,
,,,,,,,,,,,,,,,,,,,,,,,,,,,,,,,,,,,,,,,,,,
,,,,,,,,,,,,,,,,,,,,,,,,,,,,,,,,,,,,,,,,,,
,,,,,,,,,,,,,,,,,,,,,,,,,,,,,,,,,,,,,,,,,,
,,,,,,,,,,,,,,,,,,,,,,,,,,,,,,,,,,,,,,,,,,
,,,,,,,,,,,,,,,,,,,,,,,,,,,,,,,,,,,,,,,,,,
,,,,,,,,,,,,,,,,,,,,,,,,,,,,,,,,,,,,,,,,,,
,,,,,,,,,,,,,,,,,,,,,,,,,,,,,,,,,,,,,,,,,,
,,,,,,,,,,,,,,,,,,,,,,,,,,,,,,,,,,,,,,,,,,
,,,,,,,,,,,,,,,,,,,,,,,,,,,,,,,,,,,,,,,,,,
,,,,,,,,,,,,,,,,,,,,,,,,,,,,,,,,,,,,,,,,,,
,,,,,,,,,,,,,,,,,,,,,,,,,,,,,,,,,,,,,,,,,,
,,,,,,,,,,,,,,,,,,,,,,,,,,,,,,,,,,,,,,,,,,
,,,,,,,,,,,,,,,,,,,,,,,,,,,,,,,,,,,,,,,,,,
,,,,,,,,,,,,,,,,,,,,,,,,,,,,,,,,,,,,,,,,,,
,,,,,,,,,,,,,,,,,,,,,,,,,,,,,,,,,,,,,,,,,,
,,,,,,,,,,,,,,,,,,,,,,,,,,,,,,,,,,,,,,,,,,
,,,,,,,,,,,,,,,,,,,,,,,,,,,,,,,,,,,,,,,,,,
,,,,,,,,,,,,,,,,,,,,,,,,,,,,,,,,,,,,,,,,,,
,,,,,,,,,,,,,,,,,,,,,,,,,,,,,,,,,,,,,,,,,,
,,,,,,,,,,,,,,,,,,,,,,,,,,,,,,,,,,,,,,,,,,
,,,,,,,,,,,,,,,,,,,,,,,,,,,,,,,,,,,,,,,,,,
,,,,,,,,,,,,,,,,,,,,,,,,,,,,,,,,,,,,,,,,,,
,,,,,,,,,,,,,,,,,,,,,,,,,,,,,,,,,,,,,,,,,,
,,,,,,,,,,,,,,,,,,,,,,,,,,,,,,,,,,,,,,,,,,
,,,,,,,,,,,,,,,,,,,,,,,,,,,,,,,,,,,,,,,,,,
,,,,,,,,,,,,,,,,,,,,,,,,,,,,,,,,,,,,,,,,,,
,,,,,,,,,,,,,,,,,,,,,,,,,,,,,,,,,,,,,,,,,,
,,,,,,,,,,,,,,,,,,,,,,,,,,,,,,,,,,,,,,,,,,
,,,,,,,,,,,,,,,,,,,,,,,,,,,,,,,,,,,,,,,,,,
,,,,,,,,,,,,,,,,,,,,,,,,,,,,,,,,,,,,,,,,,,
,,,,,,,,,,,,,,,,,,,,,,,,,,,,,,,,,,,,,,,,,,
,,,,,,,,,,,,,,,,,,,,,,,,,,,,,,,,,,,,,,,,,,
,,,,,,,,,,,,,,,,,,,,,,,,,,,,,,,,,,,,,,,,,,
,,,,,,,,,,,,,,,,,,,,,,,,,,,,,,,,,,,,,,,,,,
,,,,,,,,,,,,,,,,,,,,,,,,,,,,,,,,,,,,,,,,,,
,,,,,,,,,,,,,,,,,,,,,,,,,,,,,,,,,,,,,,,,,,
,,,,,,,,,,,,,,,,,,,,,,,,,,,,,,,,,,,,,,,,,,
,,,,,,,,,,,,,,,,,,,,,,,,,,,,,,,,,,,,,,,,,,
,,,,,,,,,,,,,,,,,,,,,,,,,,,,,,,,,,,,,,,,,,
,,,,,,,,,,,,,,,,,,,,,,,,,,,,,,,,,,,,,,,,,,
,,,,,,,,,,,,,,,,,,,,,,,,,,,,,,,,,,,,,,,,,,
,,,,,,,,,,,,,,,,,,,,,,,,,,,,,,,,,,,,,,,,,,
,,,,,,,,,,,,,,,,,,,,,,,,,,,,,,,,,,,,,,,,,,
,,,,,,,,,,,,,,,,,,,,,,,,,,,,,,,,,,,,,,,,,,
,,,,,,,,,,,,,,,,,,,,,,,,,,,,,,,,,,,,,,,,,,
,,,,,,,,,,,,,,,,,,,,,,,,,,,,,,,,,,,,,,,,,,
,,,,,,,,,,,,,,,,,,,,,,,,,,,,,,,,,,,,,,,,,,
,,,,,,,,,,,,,,,,,,,,,,,,,,,,,,,,,,,,,,,,,,
,,,,,,,,,,,,,,,,,,,,,,,,,,,,,,,,,,,,,,,,,,
,,,,,,,,,,,,,,,,,,,,,,,,,,,,,,,,,,,,,,,,,,
,,,,,,,,,,,,,,,,,,,,,,,,,,,,,,,,,,,,,,,,,,
,,,,,,,,,,,,,,,,,,,,,,,,,,,,,,,,,,,,,,,,,,
,,,,,,,,,,,,,,,,,,,,,,,,,,,,,,,,,,,,,,,,,,
,,,,,,,,,,,,,,,,,,,,,,,,,,,,,,,,,,,,,,,,,,
,,,,,,,,,,,,,,,,,,,,,,,,,,,,,,,,,,,,,,,,,,
,,,,,,,,,,,,,,,,,,,,,,,,,,,,,,,,,,,,,,,,,,
,,,,,,,,,,,,,,,,,,,,,,,,,,,,,,,,,,,,,,,,,,
,,,,,,,,,,,,,,,,,,,,,,,,,,,,,,,,,,,,,,,,,,
,,,,,,,,,,,,,,,,,,,,,,,,,,,,,,,,,,,,,,,,,,
,,,,,,,,,,,,,,,,,,,,,,,,,,,,,,,,,,,,,,,,,,
,,,,,,,,,,,,,,,,,,,,,,,,,,,,,,,,,,,,,,,,,,
,,,,,,,,,,,,,,,,,,,,,,,,,,,,,,,,,,,,,,,,,,
,,,,,,,,,,,,,,,,,,,,,,,,,,,,,,,,,,,,,,,,,,
,,,,,,,,,,,,,,,,,,,,,,,,,,,,,,,,,,,,,,,,,,
,,,,,,,,,,,,,,,,,,,,,,,,,,,,,,,,,,,,,,,,,,
,,,,,,,,,,,,,,,,,,,,,,,,,,,,,,,,,,,,,,,,,,
,,,,,,,,,,,,,,,,,,,,,,,,,,,,,,,,,,,,,,,,,,
,,,,,,,,,,,,,,,,,,,,,,,,,,,,,,,,,,,,,,,,,,
,,,,,,,,,,,,,,,,,,,,,,,,,,,,,,,,,,,,,,,,,,
,,,,,,,,,,,,,,,,,,,,,,,,,,,,,,,,,,,,,,,,,,
,,,,,,,,,,,,,,,,,,,,,,,,,,,,,,,,,,,,,,,,,,
,,,,,,,,,,,,,,,,,,,,,,,,,,,,,,,,,,,,,,,,,,
,,,,,,,,,,,,,,,,,,,,,,,,,,,,,,,,,,,,,,,,,,
,,,,,,,,,,,,,,,,,,,,,,,,,,,,,,,,,,,,,,,,,,
,,,,,,,,,,,,,,,,,,,,,,,,,,,,,,,,,,,,,,,,,,
,,,,,,,,,,,,,,,,,,,,,,,,,,,,,,,,,,,,,,,,,,
,,,,,,,,,,,,,,,,,,,,,,,,,,,,,,,,,,,,,,,,,,
,,,,,,,,,,,,,,,,,,,,,,,,,,,,,,,,,,,,,,,,,,
,,,,,,,,,,,,,,,,,,,,,,,,,,,,,,,,,,,,,,,,,,
,,,,,,,,,,,,,,,,,,,,,,,,,,,,,,,,,,,,,,,,,,
,,,,,,,,,,,,,,,,,,,,,,,,,,,,,,,,,,,,,,,,,,
,,,,,,,,,,,,,,,,,,,,,,,,,,,,,,,,,,,,,,,,,,
,,,,,,,,,,,,,,,,,,,,,,,,,,,,,,,,,,,,,,,,,,
,,,,,,,,,,,,,,,,,,,,,,,,,,,,,,,,,,,,,,,,,,
,,,,,,,,,,,,,,,,,,,,,,,,,,,,,,,,,,,,,,,,,,
,,,,,,,,,,,,,,,,,,,,,,,,,,,,,,,,,,,,,,,,,,
,,,,,,,,,,,,,,,,,,,,,,,,,,,,,,,,,,,,,,,,,,
,,,,,,,,,,,,,,,,,,,,,,,,,,,,,,,,,,,,,,,,,,
,,,,,,,,,,,,,,,,,,,,,,,,,,,,,,,,,,,,,,,,,,
,,,,,,,,,,,,,,,,,,,,,,,,,,,,,,,,,,,,,,,,,,
,,,,,,,,,,,,,,,,,,,,,,,,,,,,,,,,,,,,,,,,,,
,,,,,,,,,,,,,,,,,,,,,,,,,,,,,,,,,,,,,,,,,,
,,,,,,,,,,,,,,,,,,,,,,,,,,,,,,,,,,,,,,,,,,
,,,,,,,,,,,,,,,,,,,,,,,,,,,,,,,,,,,,,,,,,,
,,,,,,,,,,,,,,,,,,,,,,,,,,,,,,,,,,,,,,,,,,
,,,,,,,,,,,,,,,,,,,,,,,,,,,,,,,,,,,,,,,,,,
,,,,,,,,,,,,,,,,,,,,,,,,,,,,,,,,,,,,,,,,,,
,,,,,,,,,,,,,,,,,,,,,,,,,,,,,,,,,,,,,,,,,,
,,,,,,,,,,,,,,,,,,,,,,,,,,,,,,,,,,,,,,,,,,
,,,,,,,,,,,,,,,,,,,,,,,,,,,,,,,,,,,,,,,,,,
,,,,,,,,,,,,,,,,,,,,,,,,,,,,,,,,,,,,,,,,,,
,,,,,,,,,,,,,,,,,,,,,,,,,,,,,,,,,,,,,,,,,,
,,,,,,,,,,,,,,,,,,,,,,,,,,,,,,,,,,,,,,,,,,
,,,,,,,,,,,,,,,,,,,,,,,,,,,,,,,,,,,,,,,,,,
,,,,,,,,,,,,,,,,,,,,,,,,,,,,,,,,,,,,,,,,,,
,,,,,,,,,,,,,,,,,,,,,,,,,,,,,,,,,,,,,,,,,,
,,,,,,,,,,,,,,,,,,,,,,,,,,,,,,,,,,,,,,,,,,
,,,,,,,,,,,,,,,,,,,,,,,,,,,,,,,,,,,,,,,,,,
,,,,,,,,,,,,,,,,,,,,,,,,,,,,,,,,,,,,,,,,,,
,,,,,,,,,,,,,,,,,,,,,,,,,,,,,,,,,,,,,,,,,,
,,,,,,,,,,,,,,,,,,,,,,,,,,,,,,,,,,,,,,,,,,
,,,,,,,,,,,,,,,,,,,,,,,,,,,,,,,,,,,,,,,,,,
,,,,,,,,,,,,,,,,,,,,,,,,,,,,,,,,,,,,,,,,,,
,,,,,,,,,,,,,,,,,,,,,,,,,,,,,,,,,,,,,,,,,,
,,,,,,,,,,,,,,,,,,,,,,,,,,,,,,,,,,,,,,,,,,
,,,,,,,,,,,,,,,,,,,,,,,,,,,,,,,,,,,,,,,,,,
,,,,,,,,,,,,,,,,,,,,,,,,,,,,,,,,,,,,,,,,,,
,,,,,,,,,,,,,,,,,,,,,,,,,,,,,,,,,,,,,,,,,,
,,,,,,,,,,,,,,,,,,,,,,,,,,,,,,,,,,,,,,,,,,
,,,,,,,,,,,,,,,,,,,,,,,,,,,,,,,,,,,,,,,,,,
,,,,,,,,,,,,,,,,,,,,,,,,,,,,,,,,,,,,,,,,,,
,,,,,,,,,,,,,,,,,,,,,,,,,,,,,,,,,,,,,,,,,,
,,,,,,,,,,,,,,,,,,,,,,,,,,,,,,,,,,,,,,,,,,
,,,,,,,,,,,,,,,,,,,,,,,,,,,,,,,,,,,,,,,,,,
,,,,,,,,,,,,,,,,,,,,,,,,,,,,,,,,,,,,,,,,,,
,,,,,,,,,,,,,,,,,,,,,,,,,,,,,,,,,,,,,,,,,,
,,,,,,,,,,,,,,,,,,,,,,,,,,,,,,,,,,,,,,,,,,
,,,,,,,,,,,,,,,,,,,,,,,,,,,,,,,,,,,,,,,,,,
,,,,,,,,,,,,,,,,,,,,,,,,,,,,,,,,,,,,,,,,,,
,,,,,,,,,,,,,,,,,,,,,,,,,,,,,,,,,,,,,,,,,,
,,,,,,,,,,,,,,,,,,,,,,,,,,,,,,,,,,,,,,,,,,
,,,,,,,,,,,,,,,,,,,,,,,,,,,,,,,,,,,,,,,,,,
,,,,,,,,,,,,,,,,,,,,,,,,,,,,,,,,,,,,,,,,,,
,,,,,,,,,,,,,,,,,,,,,,,,,,,,,,,,,,,,,,,,,,
,,,,,,,,,,,,,,,,,,,,,,,,,,,,,,,,,,,,,,,,,,
,,,,,,,,,,,,,,,,,,,,,,,,,,,,,,,,,,,,,,,,,,
,,,,,,,,,,,,,,,,,,,,,,,,,,,,,,,,,,,,,,,,,,
,,,,,,,,,,,,,,,,,,,,,,,,,,,,,,,,,,,,,,,,,,
,,,,,,,,,,,,,,,,,,,,,,,,,,,,,,,,,,,,,,,,,,
,,,,,,,,,,,,,,,,,,,,,,,,,,,,,,,,,,,,,,,,,,
,,,,,,,,,,,,,,,,,,,,,,,,,,,,,,,,,,,,,,,,,,
,,,,,,,,,,,,,,,,,,,,,,,,,,,,,,,,,,,,,,,,,,
,,,,,,,,,,,,,,,,,,,,,,,,,,,,,,,,,,,,,,,,,,
,,,,,,,,,,,,,,,,,,,,,,,,,,,,,,,,,,,,,,,,,,
,,,,,,,,,,,,,,,,,,,,,,,,,,,,,,,,,,,,,,,,,,
,,,,,,,,,,,,,,,,,,,,,,,,,,,,,,,,,,,,,,,,,,
,,,,,,,,,,,,,,,,,,,,,,,,,,,,,,,,,,,,,,,,,,
,,,,,,,,,,,,,,,,,,,,,,,,,,,,,,,,,,,,,,,,,,
,,,,,,,,,,,,,,,,,,,,,,,,,,,,,,,,,,,,,,,,,,
,,,,,,,,,,,,,,,,,,,,,,,,,,,,,,,,,,,,,,,,,,
,,,,,,,,,,,,,,,,,,,,,,,,,,,,,,,,,,,,,,,,,,
,,,,,,,,,,,,,,,,,,,,,,,,,,,,,,,,,,,,,,,,,,
,,,,,,,,,,,,,,,,,,,,,,,,,,,,,,,,,,,,,,,,,,
,,,,,,,,,,,,,,,,,,,,,,,,,,,,,,,,,,,,,,,,,,
,,,,,,,,,,,,,,,,,,,,,,,,,,,,,,,,,,,,,,,,,,
,,,,,,,,,,,,,,,,,,,,,,,,,,,,,,,,,,,,,,,,,,
,,,,,,,,,,,,,,,,,,,,,,,,,,,,,,,,,,,,,,,,,,
,,,,,,,,,,,,,,,,,,,,,,,,,,,,,,,,,,,,,,,,,,
,,,,,,,,,,,,,,,,,,,,,,,,,,,,,,,,,,,,,,,,,,
,,,,,,,,,,,,,,,,,,,,,,,,,,,,,,,,,,,,,,,,,,
,,,,,,,,,,,,,,,,,,,,,,,,,,,,,,,,,,,,,,,,,,
,,,,,,,,,,,,,,,,,,,,,,,,,,,,,,,,,,,,,,,,,,
,,,,,,,,,,,,,,,,,,,,,,,,,,,,,,,,,,,,,,,,,,
,,,,,,,,,,,,,,,,,,,,,,,,,,,,,,,,,,,,,,,,,,
,,,,,,,,,,,,,,,,,,,,,,,,,,,,,,,,,,,,,,,,,,
,,,,,,,,,,,,,,,,,,,,,,,,,,,,,,,,,,,,,,,,,,
,,,,,,,,,,,,,,,,,,,,,,,,,,,,,,,,,,,,,,,,,,
,,,,,,,,,,,,,,,,,,,,,,,,,,,,,,,,,,,,,,,,,,
,,,,,,,,,,,,,,,,,,,,,,,,,,,,,,,,,,,,,,,,,,
,,,,,,,,,,,,,,,,,,,,,,,,,,,,,,,,,,,,,,,,,,
,,,,,,,,,,,,,,,,,,,,,,,,,,,,,,,,,,,,,,,,,,
,,,,,,,,,,,,,,,,,,,,,,,,,,,,,,,,,,,,,,,,,,
,,,,,,,,,,,,,,,,,,,,,,,,,,,,,,,,,,,,,,,,,,
,,,,,,,,,,,,,,,,,,,,,,,,,,,,,,,,,,,,,,,,,,
,,,,,,,,,,,,,,,,,,,,,,,,,,,,,,,,,,,,,,,,,,
,,,,,,,,,,,,,,,,,,,,,,,,,,,,,,,,,,,,,,,,,,
,,,,,,,,,,,,,,,,,,,,,,,,,,,,,,,,,,,,,,,,,,
,,,,,,,,,,,,,,,,,,,,,,,,,,,,,,,,,,,,,,,,,,
,,,,,,,,,,,,,,,,,,,,,,,,,,,,,,,,,,,,,,,,,,
,,,,,,,,,,,,,,,,,,,,,,,,,,,,,,,,,,,,,,,,,,
,,,,,,,,,,,,,,,,,,,,,,,,,,,,,,,,,,,,,,,,,,
,,,,,,,,,,,,,,,,,,,,,,,,,,,,,,,,,,,,,,,,,,
,,,,,,,,,,,,,,,,,,,,,,,,,,,,,,,,,,,,,,,,,,
,,,,,,,,,,,,,,,,,,,,,,,,,,,,,,,,,,,,,,,,,,
,,,,,,,,,,,,,,,,,,,,,,,,,,,,,,,,,,,,,,,,,,
,,,,,,,,,,,,,,,,,,,,,,,,,,,,,,,,,,,,,,,,,,
,,,,,,,,,,,,,,,,,,,,,,,,,,,,,,,,,,,,,,,,,,
,,,,,,,,,,,,,,,,,,,,,,,,,,,,,,,,,,,,,,,,,,
,,,,,,,,,,,,,,,,,,,,,,,,,,,,,,,,,,,,,,,,,,
,,,,,,,,,,,,,,,,,,,,,,,,,,,,,,,,,,,,,,,,,,
,,,,,,,,,,,,,,,,,,,,,,,,,,,,,,,,,,,,,,,,,,
,,,,,,,,,,,,,,,,,,,,,,,,,,,,,,,,,,,,,,,,,,
,,,,,,,,,,,,,,,,,,,,,,,,,,,,,,,,,,,,,,,,,,
,,,,,,,,,,,,,,,,,,,,,,,,,,,,,,,,,,,,,,,,,,
,,,,,,,,,,,,,,,,,,,,,,,,,,,,,,,,,,,,,,,,,,
,,,,,,,,,,,,,,,,,,,,,,,,,,,,,,,,,,,,,,,,,,
,,,,,,,,,,,,,,,,,,,,,,,,,,,,,,,,,,,,,,,,,,
,,,,,,,,,,,,,,,,,,,,,,,,,,,,,,,,,,,,,,,,,,
,,,,,,,,,,,,,,,,,,,,,,,,,,,,,,,,,,,,,,,,,,
,,,,,,,,,,,,,,,,,,,,,,,,,,,,,,,,,,,,,,,,,,
,,,,,,,,,,,,,,,,,,,,,,,,,,,,,,,,,,,,,,,,,,
,,,,,,,,,,,,,,,,,,,,,,,,,,,,,,,,,,,,,,,,,,
,,,,,,,,,,,,,,,,,,,,,,,,,,,,,,,,,,,,,,,,,,
,,,,,,,,,,,,,,,,,,,,,,,,,,,,,,,,,,,,,,,,,,
,,,,,,,,,,,,,,,,,,,,,,,,,,,,,,,,,,,,,,,,,,
,,,,,,,,,,,,,,,,,,,,,,,,,,,,,,,,,,,,,,,,,,
,,,,,,,,,,,,,,,,,,,,,,,,,,,,,,,,,,,,,,,,,,
,,,,,,,,,,,,,,,,,,,,,,,,,,,,,,,,,,,,,,,,,,
,,,,,,,,,,,,,,,,,,,,,,,,,,,,,,,,,,,,,,,,,,
,,,,,,,,,,,,,,,,,,,,,,,,,,,,,,,,,,,,,,,,,,
,,,,,,,,,,,,,,,,,,,,,,,,,,,,,,,,,,,,,,,,,,
,,,,,,,,,,,,,,,,,,,,,,,,,,,,,,,,,,,,,,,,,,
,,,,,,,,,,,,,,,,,,,,,,,,,,,,,,,,,,,,,,,,,,
,,,,,,,,,,,,,,,,,,,,,,,,,,,,,,,,,,,,,,,,,,
,,,,,,,,,,,,,,,,,,,,,,,,,,,,,,,,,,,,,,,,,,
,,,,,,,,,,,,,,,,,,,,,,,,,,,,,,,,,,,,,,,,,,
,,,,,,,,,,,,,,,,,,,,,,,,,,,,,,,,,,,,,,,,,,
,,,,,,,,,,,,,,,,,,,,,,,,,,,,,,,,,,,,,,,,,,
,,,,,,,,,,,,,,,,,,,,,,,,,,,,,,,,,,,,,,,,,,
,,,,,,,,,,,,,,,,,,,,,,,,,,,,,,,,,,,,,,,,,,
,,,,,,,,,,,,,,,,,,,,,,,,,,,,,,,,,,,,,,,,,,
,,,,,,,,,,,,,,,,,,,,,,,,,,,,,,,,,,,,,,,,,,
,,,,,,,,,,,,,,,,,,,,,,,,,,,,,,,,,,,,,,,,,,
,,,,,,,,,,,,,,,,,,,,,,,,,,,,,,,,,,,,,,,,,,
,,,,,,,,,,,,,,,,,,,,,,,,,,,,,,,,,,,,,,,,,,
,,,,,,,,,,,,,,,,,,,,,,,,,,,,,,,,,,,,,,,,,,
,,,,,,,,,,,,,,,,,,,,,,,,,,,,,,,,,,,,,,,,,,
,,,,,,,,,,,,,,,,,,,,,,,,,,,,,,,,,,,,,,,,,,
,,,,,,,,,,,,,,,,,,,,,,,,,,,,,,,,,,,,,,,,,,
,,,,,,,,,,,,,,,,,,,,,,,,,,,,,,,,,,,,,,,,,,
,,,,,,,,,,,,,,,,,,,,,,,,,,,,,,,,,,,,,,,,,,
,,,,,,,,,,,,,,,,,,,,,,,,,,,,,,,,,,,,,,,,,,
,,,,,,,,,,,,,,,,,,,,,,,,,,,,,,,,,,,,,,,,,,
,,,,,,,,,,,,,,,,,,,,,,,,,,,,,,,,,,,,,,,,,,
,,,,,,,,,,,,,,,,,,,,,,,,,,,,,,,,,,,,,,,,,,
,,,,,,,,,,,,,,,,,,,,,,,,,,,,,,,,,,,,,,,,,,
,,,,,,,,,,,,,,,,,,,,,,,,,,,,,,,,,,,,,,,,,,
,,,,,,,,,,,,,,,,,,,,,,,,,,,,,,,,,,,,,,,,,,
,,,,,,,,,,,,,,,,,,,,,,,,,,,,,,,,,,,,,,,,,,
,,,,,,,,,,,,,,,,,,,,,,,,,,,,,,,,,,,,,,,,,,
,,,,,,,,,,,,,,,,,,,,,,,,,,,,,,,,,,,,,,,,,,
,,,,,,,,,,,,,,,,,,,,,,,,,,,,,,,,,,,,,,,,,,
,,,,,,,,,,,,,,,,,,,,,,,,,,,,,,,,,,,,,,,,,,
,,,,,,,,,,,,,,,,,,,,,,,,,,,,,,,,,,,,,,,,,,
,,,,,,,,,,,,,,,,,,,,,,,,,,,,,,,,,,,,,,,,,,
,,,,,,,,,,,,,,,,,,,,,,,,,,,,,,,,,,,,,,,,,,
,,,,,,,,,,,,,,,,,,,,,,,,,,,,,,,,,,,,,,,,,,
,,,,,,,,,,,,,,,,,,,,,,,,,,,,,,,,,,,,,,,,,,
,,,,,,,,,,,,,,,,,,,,,,,,,,,,,,,,,,,,,,,,,,
,,,,,,,,,,,,,,,,,,,,,,,,,,,,,,,,,,,,,,,,,,
,,,,,,,,,,,,,,,,,,,,,,,,,,,,,,,,,,,,,,,,,,
,,,,,,,,,,,,,,,,,,,,,,,,,,,,,,,,,,,,,,,,,,
,,,,,,,,,,,,,,,,,,,,,,,,,,,,,,,,,,,,,,,,,,
,,,,,,,,,,,,,,,,,,,,,,,,,,,,,,,,,,,,,,,,,,
,,,,,,,,,,,,,,,,,,,,,,,,,,,,,,,,,,,,,,,,,,
,,,,,,,,,,,,,,,,,,,,,,,,,,,,,,,,,,,,,,,,,,
,,,,,,,,,,,,,,,,,,,,,,,,,,,,,,,,,,,,,,,,,,
,,,,,,,,,,,,,,,,,,,,,,,,,,,,,,,,,,,,,,,,,,
,,,,,,,,,,,,,,,,,,,,,,,,,,,,,,,,,,,,,,,,,,
,,,,,,,,,,,,,,,,,,,,,,,,,,,,,,,,,,,,,,,,,,
,,,,,,,,,,,,,,,,,,,,,,,,,,,,,,,,,,,,,,,,,,
,,,,,,,,,,,,,,,,,,,,,,,,,,,,,,,,,,,,,,,,,,
,,,,,,,,,,,,,,,,,,,,,,,,,,,,,,,,,,,,,,,,,,
,,,,,,,,,,,,,,,,,,,,,,,,,,,,,,,,,,,,,,,,,,
,,,,,,,,,,,,,,,,,,,,,,,,,,,,,,,,,,,,,,,,,,
,,,,,,,,,,,,,,,,,,,,,,,,,,,,,,,,,,,,,,,,,,
,,,,,,,,,,,,,,,,,,,,,,,,,,,,,,,,,,,,,,,,,,
,,,,,,,,,,,,,,,,,,,,,,,,,,,,,,,,,,,,,,,,,,
,,,,,,,,,,,,,,,,,,,,,,,,,,,,,,,,,,,,,,,,,,
,,,,,,,,,,,,,,,,,,,,,,,,,,,,,,,,,,,,,,,,,,
,,,,,,,,,,,,,,,,,,,,,,,,,,,,,,,,,,,,,,,,,,
,,,,,,,,,,,,,,,,,,,,,,,,,,,,,,,,,,,,,,,,,,
,,,,,,,,,,,,,,,,,,,,,,,,,,,,,,,,,,,,,,,,,,
,,,,,,,,,,,,,,,,,,,,,,,,,,,,,,,,,,,,,,,,,,
,,,,,,,,,,,,,,,,,,,,,,,,,,,,,,,,,,,,,,,,,,
,,,,,,,,,,,,,,,,,,,,,,,,,,,,,,,,,,,,,,,,,,
,,,,,,,,,,,,,,,,,,,,,,,,,,,,,,,,,,,,,,,,,,
,,,,,,,,,,,,,,,,,,,,,,,,,,,,,,,,,,,,,,,,,,
,,,,,,,,,,,,,,,,,,,,,,,,,,,,,,,,,,,,,,,,,,
,,,,,,,,,,,,,,,,,,,,,,,,,,,,,,,,,,,,,,,,,,
,,,,,,,,,,,,,,,,,,,,,,,,,,,,,,,,,,,,,,,,,,
,,,,,,,,,,,,,,,,,,,,,,,,,,,,,,,,,,,,,,,,,,
,,,,,,,,,,,,,,,,,,,,,,,,,,,,,,,,,,,,,,,,,,
,,,,,,,,,,,,,,,,,,,,,,,,,,,,,,,,,,,,,,,,,,
,,,,,,,,,,,,,,,,,,,,,,,,,,,,,,,,,,,,,,,,,,
,,,,,,,,,,,,,,,,,,,,,,,,,,,,,,,,,,,,,,,,,,
,,,,,,,,,,,,,,,,,,,,,,,,,,,,,,,,,,,,,,,,,,
,,,,,,,,,,,,,,,,,,,,,,,,,,,,,,,,,,,,,,,,,,
,,,,,,,,,,,,,,,,,,,,,,,,,,,,,,,,,,,,,,,,,,
,,,,,,,,,,,,,,,,,,,,,,,,,,,,,,,,,,,,,,,,,,
,,,,,,,,,,,,,,,,,,,,,,,,,,,,,,,,,,,,,,,,,,
,,,,,,,,,,,,,,,,,,,,,,,,,,,,,,,,,,,,,,,,,,
,,,,,,,,,,,,,,,,,,,,,,,,,,,,,,,,,,,,,,,,,,
,,,,,,,,,,,,,,,,,,,,,,,,,,,,,,,,,,,,,,,,,,
,,,,,,,,,,,,,,,,,,,,,,,,,,,,,,,,,,,,,,,,,,
,,,,,,,,,,,,,,,,,,,,,,,,,,,,,,,,,,,,,,,,,,
,,,,,,,,,,,,,,,,,,,,,,,,,,,,,,,,,,,,,,,,,,
,,,,,,,,,,,,,,,,,,,,,,,,,,,,,,,,,,,,,,,,,,
,,,,,,,,,,,,,,,,,,,,,,,,,,,,,,,,,,,,,,,,,,
,,,,,,,,,,,,,,,,,,,,,,,,,,,,,,,,,,,,,,,,,,
,,,,,,,,,,,,,,,,,,,,,,,,,,,,,,,,,,,,,,,,,,
,,,,,,,,,,,,,,,,,,,,,,,,,,,,,,,,,,,,,,,,,,
,,,,,,,,,,,,,,,,,,,,,,,,,,,,,,,,,,,,,,,,,,
,,,,,,,,,,,,,,,,,,,,,,,,,,,,,,,,,,,,,,,,,,
,,,,,,,,,,,,,,,,,,,,,,,,,,,,,,,,,,,,,,,,,,
,,,,,,,,,,,,,,,,,,,,,,,,,,,,,,,,,,,,,,,,,,
,,,,,,,,,,,,,,,,,,,,,,,,,,,,,,,,,,,,,,,,,,
,,,,,,,,,,,,,,,,,,,,,,,,,,,,,,,,,,,,,,,,,,
,,,,,,,,,,,,,,,,,,,,,,,,,,,,,,,,,,,,,,,,,,
,,,,,,,,,,,,,,,,,,,,,,,,,,,,,,,,,,,,,,,,,,
,,,,,,,,,,,,,,,,,,,,,,,,,,,,,,,,,,,,,,,,,,
,,,,,,,,,,,,,,,,,,,,,,,,,,,,,,,,,,,,,,,,,,
,,,,,,,,,,,,,,,,,,,,,,,,,,,,,,,,,,,,,,,,,,
,,,,,,,,,,,,,,,,,,,,,,,,,,,,,,,,,,,,,,,,,,
,,,,,,,,,,,,,,,,,,,,,,,,,,,,,,,,,,,,,,,,,,
,,,,,,,,,,,,,,,,,,,,,,,,,,,,,,,,,,,,,,,,,,
,,,,,,,,,,,,,,,,,,,,,,,,,,,,,,,,,,,,,,,,,,
,,,,,,,,,,,,,,,,,,,,,,,,,,,,,,,,,,,,,,,,,,
,,,,,,,,,,,,,,,,,,,,,,,,,,,,,,,,,,,,,,,,,,
,,,,,,,,,,,,,,,,,,,,,,,,,,,,,,,,,,,,,,,,,,
,,,,,,,,,,,,,,,,,,,,,,,,,,,,,,,,,,,,,,,,,,
,,,,,,,,,,,,,,,,,,,,,,,,,,,,,,,,,,,,,,,,,,
,,,,,,,,,,,,,,,,,,,,,,,,,,,,,,,,,,,,,,,,,,
,,,,,,,,,,,,,,,,,,,,,,,,,,,,,,,,,,,,,,,,,,
,,,,,,,,,,,,,,,,,,,,,,,,,,,,,,,,,,,,,,,,,,
,,,,,,,,,,,,,,,,,,,,,,,,,,,,,,,,,,,,,,,,,,
,,,,,,,,,,,,,,,,,,,,,,,,,,,,,,,,,,,,,,,,,,
,,,,,,,,,,,,,,,,,,,,,,,,,,,,,,,,,,,,,,,,,,
,,,,,,,,,,,,,,,,,,,,,,,,,,,,,,,,,,,,,,,,,,
,,,,,,,,,,,,,,,,,,,,,,,,,,,,,,,,,,,,,,,,,,
,,,,,,,,,,,,,,,,,,,,,,,,,,,,,,,,,,,,,,,,,,
,,,,,,,,,,,,,,,,,,,,,,,,,,,,,,,,,,,,,,,,,,
,,,,,,,,,,,,,,,,,,,,,,,,,,,,,,,,,,,,,,,,,,
,,,,,,,,,,,,,,,,,,,,,,,,,,,,,,,,,,,,,,,,,,
,,,,,,,,,,,,,,,,,,,,,,,,,,,,,,,,,,,,,,,,,,
,,,,,,,,,,,,,,,,,,,,,,,,,,,,,,,,,,,,,,,,,,
,,,,,,,,,,,,,,,,,,,,,,,,,,,,,,,,,,,,,,,,,,
,,,,,,,,,,,,,,,,,,,,,,,,,,,,,,,,,,,,,,,,,,
,,,,,,,,,,,,,,,,,,,,,,,,,,,,,,,,,,,,,,,,,,
,,,,,,,,,,,,,,,,,,,,,,,,,,,,,,,,,,,,,,,,,,
,,,,,,,,,,,,,,,,,,,,,,,,,,,,,,,,,,,,,,,,,,
,,,,,,,,,,,,,,,,,,,,,,,,,,,,,,,,,,,,,,,,,,
,,,,,,,,,,,,,,,,,,,,,,,,,,,,,,,,,,,,,,,,,,
,,,,,,,,,,,,,,,,,,,,,,,,,,,,,,,,,,,,,,,,,,
,,,,,,,,,,,,,,,,,,,,,,,,,,,,,,,,,,,,,,,,,,
,,,,,,,,,,,,,,,,,,,,,,,,,,,,,,,,,,,,,,,,,,
,,,,,,,,,,,,,,,,,,,,,,,,,,,,,,,,,,,,,,,,,,
,,,,,,,,,,,,,,,,,,,,,,,,,,,,,,,,,,,,,,,,,,
,,,,,,,,,,,,,,,,,,,,,,,,,,,,,,,,,,,,,,,,,,
,,,,,,,,,,,,,,,,,,,,,,,,,,,,,,,,,,,,,,,,,,
,,,,,,,,,,,,,,,,,,,,,,,,,,,,,,,,,,,,,,,,,,
,,,,,,,,,,,,,,,,,,,,,,,,,,,,,,,,,,,,,,,,,,
,,,,,,,,,,,,,,,,,,,,,,,,,,,,,,,,,,,,,,,,,,
,,,,,,,,,,,,,,,,,,,,,,,,,,,,,,,,,,,,,,,,,,
,,,,,,,,,,,,,,,,,,,,,,,,,,,,,,,,,,,,,,,,,,
,,,,,,,,,,,,,,,,,,,,,,,,,,,,,,,,,,,,,,,,,,
,,,,,,,,,,,,,,,,,,,,,,,,,,,,,,,,,,,,,,,,,,
,,,,,,,,,,,,,,,,,,,,,,,,,,,,,,,,,,,,,,,,,,
,,,,,,,,,,,,,,,,,,,,,,,,,,,,,,,,,,,,,,,,,,
,,,,,,,,,,,,,,,,,,,,,,,,,,,,,,,,,,,,,,,,,,
,,,,,,,,,,,,,,,,,,,,,,,,,,,,,,,,,,,,,,,,,,
,,,,,,,,,,,,,,,,,,,,,,,,,,,,,,,,,,,,,,,,,,
,,,,,,,,,,,,,,,,,,,,,,,,,,,,,,,,,,,,,,,,,,
,,,,,,,,,,,,,,,,,,,,,,,,,,,,,,,,,,,,,,,,,,
,,,,,,,,,,,,,,,,,,,,,,,,,,,,,,,,,,,,,,,,,,
,,,,,,,,,,,,,,,,,,,,,,,,,,,,,,,,,,,,,,,,,,
,,,,,,,,,,,,,,,,,,,,,,,,,,,,,,,,,,,,,,,,,,
,,,,,,,,,,,,,,,,,,,,,,,,,,,,,,,,,,,,,,,,,,
,,,,,,,,,,,,,,,,,,,,,,,,,,,,,,,,,,,,,,,,,,
,,,,,,,,,,,,,,,,,,,,,,,,,,,,,,,,,,,,,,,,,,
,,,,,,,,,,,,,,,,,,,,,,,,,,,,,,,,,,,,,,,,,,
,,,,,,,,,,,,,,,,,,,,,,,,,,,,,,,,,,,,,,,,,,
,,,,,,,,,,,,,,,,,,,,,,,,,,,,,,,,,,,,,,,,,,
,,,,,,,,,,,,,,,,,,,,,,,,,,,,,,,,,,,,,,,,,,
,,,,,,,,,,,,,,,,,,,,,,,,,,,,,,,,,,,,,,,,,,
,,,,,,,,,,,,,,,,,,,,,,,,,,,,,,,,,,,,,,,,,,
,,,,,,,,,,,,,,,,,,,,,,,,,,,,,,,,,,,,,,,,,,
,,,,,,,,,,,,,,,,,,,,,,,,,,,,,,,,,,,,,,,,,,
,,,,,,,,,,,,,,,,,,,,,,,,,,,,,,,,,,,,,,,,,,
,,,,,,,,,,,,,,,,,,,,,,,,,,,,,,,,,,,,,,,,,,
,,,,,,,,,,,,,,,,,,,,,,,,,,,,,,,,,,,,,,,,,,
,,,,,,,,,,,,,,,,,,,,,,,,,,,,,,,,,,,,,,,,,,
,,,,,,,,,,,,,,,,,,,,,,,,,,,,,,,,,,,,,,,,,,
,,,,,,,,,,,,,,,,,,,,,,,,,,,,,,,,,,,,,,,,,,
,,,,,,,,,,,,,,,,,,,,,,,,,,,,,,,,,,,,,,,,,,
,,,,,,,,,,,,,,,,,,,,,,,,,,,,,,,,,,,,,,,,,,
,,,,,,,,,,,,,,,,,,,,,,,,,,,,,,,,,,,,,,,,,,
,,,,,,,,,,,,,,,,,,,,,,,,,,,,,,,,,,,,,,,,,,
,,,,,,,,,,,,,,,,,,,,,,,,,,,,,,,,,,,,,,,,,,
,,,,,,,,,,,,,,,,,,,,,,,,,,,,,,,,,,,,,,,,,,
,,,,,,,,,,,,,,,,,,,,,,,,,,,,,,,,,,,,,,,,,,
,,,,,,,,,,,,,,,,,,,,,,,,,,,,,,,,,,,,,,,,,,
,,,,,,,,,,,,,,,,,,,,,,,,,,,,,,,,,,,,,,,,,,
,,,,,,,,,,,,,,,,,,,,,,,,,,,,,,,,,,,,,,,,,,
,,,,,,,,,,,,,,,,,,,,,,,,,,,,,,,,,,,,,,,,,,
,,,,,,,,,,,,,,,,,,,,,,,,,,,,,,,,,,,,,,,,,,
,,,,,,,,,,,,,,,,,,,,,,,,,,,,,,,,,,,,,,,,,,
,,,,,,,,,,,,,,,,,,,,,,,,,,,,,,,,,,,,,,,,,,
,,,,,,,,,,,,,,,,,,,,,,,,,,,,,,,,,,,,,,,,,,
,,,,,,,,,,,,,,,,,,,,,,,,,,,,,,,,,,,,,,,,,,
,,,,,,,,,,,,,,,,,,,,,,,,,,,,,,,,,,,,,,,,,,
,,,,,,,,,,,,,,,,,,,,,,,,,,,,,,,,,,,,,,,,,,
,,,,,,,,,,,,,,,,,,,,,,,,,,,,,,,,,,,,,,,,,,
,,,,,,,,,,,,,,,,,,,,,,,,,,,,,,,,,,,,,,,,,,
,,,,,,,,,,,,,,,,,,,,,,,,,,,,,,,,,,,,,,,,,,
,,,,,,,,,,,,,,,,,,,,,,,,,,,,,,,,,,,,,,,,,,
,,,,,,,,,,,,,,,,,,,,,,,,,,,,,,,,,,,,,,,,,,
,,,,,,,,,,,,,,,,,,,,,,,,,,,,,,,,,,,,,,,,,,
,,,,,,,,,,,,,,,,,,,,,,,,,,,,,,,,,,,,,,,,,,
,,,,,,,,,,,,,,,,,,,,,,,,,,,,,,,,,,,,,,,,,,
,,,,,,,,,,,,,,,,,,,,,,,,,,,,,,,,,,,,,,,,,,
,,,,,,,,,,,,,,,,,,,,,,,,,,,,,,,,,,,,,,,,,,
,,,,,,,,,,,,,,,,,,,,,,,,,,,,,,,,,,,,,,,,,,
,,,,,,,,,,,,,,,,,,,,,,,,,,,,,,,,,,,,,,,,,,
,,,,,,,,,,,,,,,,,,,,,,,,,,,,,,,,,,,,,,,,,,
,,,,,,,,,,,,,,,,,,,,,,,,,,,,,,,,,,,,,,,,,,
,,,,,,,,,,,,,,,,,,,,,,,,,,,,,,,,,,,,,,,,,,
,,,,,,,,,,,,,,,,,,,,,,,,,,,,,,,,,,,,,,,,,,
,,,,,,,,,,,,,,,,,,,,,,,,,,,,,,,,,,,,,,,,,,
,,,,,,,,,,,,,,,,,,,,,,,,,,,,,,,,,,,,,,,,,,
,,,,,,,,,,,,,,,,,,,,,,,,,,,,,,,,,,,,,,,,,,
,,,,,,,,,,,,,,,,,,,,,,,,,,,,,,,,,,,,,,,,,,
,,,,,,,,,,,,,,,,,,,,,,,,,,,,,,,,,,,,,,,,,,
,,,,,,,,,,,,,,,,,,,,,,,,,,,,,,,,,,,,,,,,,,
,,,,,,,,,,,,,,,,,,,,,,,,,,,,,,,,,,,,,,,,,,
,,,,,,,,,,,,,,,,,,,,,,,,,,,,,,,,,,,,,,,,,,
,,,,,,,,,,,,,,,,,,,,,,,,,,,,,,,,,,,,,,,,,,
,,,,,,,,,,,,,,,,,,,,,,,,,,,,,,,,,,,,,,,,,,
,,,,,,,,,,,,,,,,,,,,,,,,,,,,,,,,,,,,,,,,,,
,,,,,,,,,,,,,,,,,,,,,,,,,,,,,,,,,,,,,,,,,,
,,,,,,,,,,,,,,,,,,,,,,,,,,,,,,,,,,,,,,,,,,
,,,,,,,,,,,,,,,,,,,,,,,,,,,,,,,,,,,,,,,,,,
,,,,,,,,,,,,,,,,,,,,,,,,,,,,,,,,,,,,,,,,,,
,,,,,,,,,,,,,,,,,,,,,,,,,,,,,,,,,,,,,,,,,,
,,,,,,,,,,,,,,,,,,,,,,,,,,,,,,,,,,,,,,,,,,
,,,,,,,,,,,,,,,,,,,,,,,,,,,,,,,,,,,,,,,,,,
,,,,,,,,,,,,,,,,,,,,,,,,,,,,,,,,,,,,,,,,,,
,,,,,,,,,,,,,,,,,,,,,,,,,,,,,,,,,,,,,,,,,,
,,,,,,,,,,,,,,,,,,,,,,,,,,,,,,,,,,,,,,,,,,
,,,,,,,,,,,,,,,,,,,,,,,,,,,,,,,,,,,,,,,,,,
,,,,,,,,,,,,,,,,,,,,,,,,,,,,,,,,,,,,,,,,,,
,,,,,,,,,,,,,,,,,,,,,,,,,,,,,,,,,,,,,,,,,,
,,,,,,,,,,,,,,,,,,,,,,,,,,,,,,,,,,,,,,,,,,
,,,,,,,,,,,,,,,,,,,,,,,,,,,,,,,,,,,,,,,,,,
,,,,,,,,,,,,,,,,,,,,,,,,,,,,,,,,,,,,,,,,,,
,,,,,,,,,,,,,,,,,,,,,,,,,,,,,,,,,,,,,,,,,,
,,,,,,,,,,,,,,,,,,,,,,,,,,,,,,,,,,,,,,,,,,
,,,,,,,,,,,,,,,,,,,,,,,,,,,,,,,,,,,,,,,,,,
,,,,,,,,,,,,,,,,,,,,,,,,,,,,,,,,,,,,,,,,,,
,,,,,,,,,,,,,,,,,,,,,,,,,,,,,,,,,,,,,,,,,,
,,,,,,,,,,,,,,,,,,,,,,,,,,,,,,,,,,,,,,,,,,
,,,,,,,,,,,,,,,,,,,,,,,,,,,,,,,,,,,,,,,,,,
,,,,,,,,,,,,,,,,,,,,,,,,,,,,,,,,,,,,,,,,,,
,,,,,,,,,,,,,,,,,,,,,,,,,,,,,,,,,,,,,,,,,,
,,,,,,,,,,,,,,,,,,,,,,,,,,,,,,,,,,,,,,,,,,
,,,,,,,,,,,,,,,,,,,,,,,,,,,,,,,,,,,,,,,,,,
,,,,,,,,,,,,,,,,,,,,,,,,,,,,,,,,,,,,,,,,,,
,,,,,,,,,,,,,,,,,,,,,,,,,,,,,,,,,,,,,,,,,,
,,,,,,,,,,,,,,,,,,,,,,,,,,,,,,,,,,,,,,,,,,
,,,,,,,,,,,,,,,,,,,,,,,,,,,,,,,,,,,,,,,,,,
,,,,,,,,,,,,,,,,,,,,,,,,,,,,,,,,,,,,,,,,,,
,,,,,,,,,,,,,,,,,,,,,,,,,,,,,,,,,,,,,,,,,,
,,,,,,,,,,,,,,,,,,,,,,,,,,,,,,,,,,,,,,,,,,
,,,,,,,,,,,,,,,,,,,,,,,,,,,,,,,,,,,,,,,,,,
,,,,,,,,,,,,,,,,,,,,,,,,,,,,,,,,,,,,,,,,,,
,,,,,,,,,,,,,,,,,,,,,,,,,,,,,,,,,,,,,,,,,,
,,,,,,,,,,,,,,,,,,,,,,,,,,,,,,,,,,,,,,,,,,
,,,,,,,,,,,,,,,,,,,,,,,,,,,,,,,,,,,,,,,,,,
,,,,,,,,,,,,,,,,,,,,,,,,,,,,,,,,,,,,,,,,,,
,,,,,,,,,,,,,,,,,,,,,,,,,,,,,,,,,,,,,,,,,,
,,,,,,,,,,,,,,,,,,,,,,,,,,,,,,,,,,,,,,,,,,
,,,,,,,,,,,,,,,,,,,,,,,,,,,,,,,,,,,,,,,,,,
,,,,,,,,,,,,,,,,,,,,,,,,,,,,,,,,,,,,,,,,,,
,,,,,,,,,,,,,,,,,,,,,,,,,,,,,,,,,,,,,,,,,,
,,,,,,,,,,,,,,,,,,,,,,,,,,,,,,,,,,,,,,,,,,
,,,,,,,,,,,,,,,,,,,,,,,,,,,,,,,,,,,,,,,,,,
,,,,,,,,,,,,,,,,,,,,,,,,,,,,,,,,,,,,,,,,,,
,,,,,,,,,,,,,,,,,,,,,,,,,,,,,,,,,,,,,,,,,,
,,,,,,,,,,,,,,,,,,,,,,,,,,,,,,,,,,,,,,,,,,
,,,,,,,,,,,,,,,,,,,,,,,,,,,,,,,,,,,,,,,,,,
,,,,,,,,,,,,,,,,,,,,,,,,,,,,,,,,,,,,,,,,,,
,,,,,,,,,,,,,,,,,,,,,,,,,,,,,,,,,,,,,,,,,,
,,,,,,,,,,,,,,,,,,,,,,,,,,,,,,,,,,,,,,,,,,
,,,,,,,,,,,,,,,,,,,,,,,,,,,,,,,,,,,,,,,,,,
,,,,,,,,,,,,,,,,,,,,,,,,,,,,,,,,,,,,,,,,,,
,,,,,,,,,,,,,,,,,,,,,,,,,,,,,,,,,,,,,,,,,,
,,,,,,,,,,,,,,,,,,,,,,,,,,,,,,,,,,,,,,,,,,
,,,,,,,,,,,,,,,,,,,,,,,,,,,,,,,,,,,,,,,,,,
,,,,,,,,,,,,,,,,,,,,,,,,,,,,,,,,,,,,,,,,,,
,,,,,,,,,,,,,,,,,,,,,,,,,,,,,,,,,,,,,,,,,,
,,,,,,,,,,,,,,,,,,,,,,,,,,,,,,,,,,,,,,,,,,
,,,,,,,,,,,,,,,,,,,,,,,,,,,,,,,,,,,,,,,,,,
,,,,,,,,,,,,,,,,,,,,,,,,,,,,,,,,,,,,,,,,,,
,,,,,,,,,,,,,,,,,,,,,,,,,,,,,,,,,,,,,,,,,,
,,,,,,,,,,,,,,,,,,,,,,,,,,,,,,,,,,,,,,,,,,
,,,,,,,,,,,,,,,,,,,,,,,,,,,,,,,,,,,,,,,,,,
,,,,,,,,,,,,,,,,,,,,,,,,,,,,,,,,,,,,,,,,,,
,,,,,,,,,,,,,,,,,,,,,,,,,,,,,,,,,,,,,,,,,,
,,,,,,,,,,,,,,,,,,,,,,,,,,,,,,,,,,,,,,,,,,
,,,,,,,,,,,,,,,,,,,,,,,,,,,,,,,,,,,,,,,,,,
,,,,,,,,,,,,,,,,,,,,,,,,,,,,,,,,,,,,,,,,,,
,,,,,,,,,,,,,,,,,,,,,,,,,,,,,,,,,,,,,,,,,,
,,,,,,,,,,,,,,,,,,,,,,,,,,,,,,,,,,,,,,,,,,
,,,,,,,,,,,,,,,,,,,,,,,,,,,,,,,,,,,,,,,,,,
,,,,,,,,,,,,,,,,,,,,,,,,,,,,,,,,,,,,,,,,,,
,,,,,,,,,,,,,,,,,,,,,,,,,,,,,,,,,,,,,,,,,,
,,,,,,,,,,,,,,,,,,,,,,,,,,,,,,,,,,,,,,,,,,
,,,,,,,,,,,,,,,,,,,,,,,,,,,,,,,,,,,,,,,,,,
,,,,,,,,,,,,,,,,,,,,,,,,,,,,,,,,,,,,,,,,,,
,,,,,,,,,,,,,,,,,,,,,,,,,,,,,,,,,,,,,,,,,,
,,,,,,,,,,,,,,,,,,,,,,,,,,,,,,,,,,,,,,,,,,
,,,,,,,,,,,,,,,,,,,,,,,,,,,,,,,,,,,,,,,,,,
,,,,,,,,,,,,,,,,,,,,,,,,,,,,,,,,,,,,,,,,,,
,,,,,,,,,,,,,,,,,,,,,,,,,,,,,,,,,,,,,,,,,,
,,,,,,,,,,,,,,,,,,,,,,,,,,,,,,,,,,,,,,,,,,
,,,,,,,,,,,,,,,,,,,,,,,,,,,,,,,,,,,,,,,,,,
,,,,,,,,,,,,,,,,,,,,,,,,,,,,,,,,,,,,,,,,,,
,,,,,,,,,,,,,,,,,,,,,,,,,,,,,,,,,,,,,,,,,,
,,,,,,,,,,,,,,,,,,,,,,,,,,,,,,,,,,,,,,,,,,
,,,,,,,,,,,,,,,,,,,,,,,,,,,,,,,,,,,,,,,,,,
,,,,,,,,,,,,,,,,,,,,,,,,,,,,,,,,,,,,,,,,,,
,,,,,,,,,,,,,,,,,,,,,,,,,,,,,,,,,,,,,,,,,,
,,,,,,,,,,,,,,,,,,,,,,,,,,,,,,,,,,,,,,,,,,
,,,,,,,,,,,,,,,,,,,,,,,,,,,,,,,,,,,,,,,,,,
,,,,,,,,,,,,,,,,,,,,,,,,,,,,,,,,,,,,,,,,,,
,,,,,,,,,,,,,,,,,,,,,,,,,,,,,,,,,,,,,,,,,,
,,,,,,,,,,,,,,,,,,,,,,,,,,,,,,,,,,,,,,,,,,
,,,,,,,,,,,,,,,,,,,,,,,,,,,,,,,,,,,,,,,,,,
,,,,,,,,,,,,,,,,,,,,,,,,,,,,,,,,,,,,,,,,,,
,,,,,,,,,,,,,,,,,,,,,,,,,,,,,,,,,,,,,,,,,,
,,,,,,,,,,,,,,,,,,,,,,,,,,,,,,,,,,,,,,,,,,
,,,,,,,,,,,,,,,,,,,,,,,,,,,,,,,,,,,,,,,,,,
,,,,,,,,,,,,,,,,,,,,,,,,,,,,,,,,,,,,,,,,,,
,,,,,,,,,,,,,,,,,,,,,,,,,,,,,,,,,,,,,,,,,,
,,,,,,,,,,,,,,,,,,,,,,,,,,,,,,,,,,,,,,,,,,
,,,,,,,,,,,,,,,,,,,,,,,,,,,,,,,,,,,,,,,,,,
,,,,,,,,,,,,,,,,,,,,,,,,,,,,,,,,,,,,,,,,,,
,,,,,,,,,,,,,,,,,,,,,,,,,,,,,,,,,,,,,,,,,,
,,,,,,,,,,,,,,,,,,,,,,,,,,,,,,,,,,,,,,,,,,
,,,,,,,,,,,,,,,,,,,,,,,,,,,,,,,,,,,,,,,,,,
,,,,,,,,,,,,,,,,,,,,,,,,,,,,,,,,,,,,,,,,,,
,,,,,,,,,,,,,,,,,,,,,,,,,,,,,,,,,,,,,,,,,,
,,,,,,,,,,,,,,,,,,,,,,,,,,,,,,,,,,,,,,,,,,
,,,,,,,,,,,,,,,,,,,,,,,,,,,,,,,,,,,,,,,,,,
,,,,,,,,,,,,,,,,,,,,,,,,,,,,,,,,,,,,,,,,,,
,,,,,,,,,,,,,,,,,,,,,,,,,,,,,,,,,,,,,,,,,,
,,,,,,,,,,,,,,,,,,,,,,,,,,,,,,,,,,,,,,,,,,
,,,,,,,,,,,,,,,,,,,,,,,,,,,,,,,,,,,,,,,,,,
,,,,,,,,,,,,,,,,,,,,,,,,,,,,,,,,,,,,,,,,,,
,,,,,,,,,,,,,,,,,,,,,,,,,,,,,,,,,,,,,,,,,,
,,,,,,,,,,,,,,,,,,,,,,,,,,,,,,,,,,,,,,,,,,
,,,,,,,,,,,,,,,,,,,,,,,,,,,,,,,,,,,,,,,,,,
,,,,,,,,,,,,,,,,,,,,,,,,,,,,,,,,,,,,,,,,,,
,,,,,,,,,,,,,,,,,,,,,,,,,,,,,,,,,,,,,,,,,,
,,,,,,,,,,,,,,,,,,,,,,,,,,,,,,,,,,,,,,,,,,
,,,,,,,,,,,,,,,,,,,,,,,,,,,,,,,,,,,,,,,,,,
,,,,,,,,,,,,,,,,,,,,,,,,,,,,,,,,,,,,,,,,,,
,,,,,,,,,,,,,,,,,,,,,,,,,,,,,,,,,,,,,,,,,,
,,,,,,,,,,,,,,,,,,,,,,,,,,,,,,,,,,,,,,,,,,
,,,,,,,,,,,,,,,,,,,,,,,,,,,,,,,,,,,,,,,,,,
,,,,,,,,,,,,,,,,,,,,,,,,,,,,,,,,,,,,,,,,,,
,,,,,,,,,,,,,,,,,,,,,,,,,,,,,,,,,,,,,,,,,,
,,,,,,,,,,,,,,,,,,,,,,,,,,,,,,,,,,,,,,,,,,
,,,,,,,,,,,,,,,,,,,,,,,,,,,,,,,,,,,,,,,,,,
,,,,,,,,,,,,,,,,,,,,,,,,,,,,,,,,,,,,,,,,,,
,,,,,,,,,,,,,,,,,,,,,,,,,,,,,,,,,,,,,,,,,,
,,,,,,,,,,,,,,,,,,,,,,,,,,,,,,,,,,,,,,,,,,
,,,,,,,,,,,,,,,,,,,,,,,,,,,,,,,,,,,,,,,,,,
,,,,,,,,,,,,,,,,,,,,,,,,,,,,,,,,,,,,,,,,,,
,,,,,,,,,,,,,,,,,,,,,,,,,,,,,,,,,,,,,,,,,,
,,,,,,,,,,,,,,,,,,,,,,,,,,,,,,,,,,,,,,,,,,
,,,,,,,,,,,,,,,,,,,,,,,,,,,,,,,,,,,,,,,,,,
,,,,,,,,,,,,,,,,,,,,,,,,,,,,,,,,,,,,,,,,,,
,,,,,,,,,,,,,,,,,,,,,,,,,,,,,,,,,,,,,,,,,,
,,,,,,,,,,,,,,,,,,,,,,,,,,,,,,,,,,,,,,,,,,
,,,,,,,,,,,,,,,,,,,,,,,,,,,,,,,,,,,,,,,,,,
,,,,,,,,,,,,,,,,,,,,,,,,,,,,,,,,,,,,,,,,,,
,,,,,,,,,,,,,,,,,,,,,,,,,,,,,,,,,,,,,,,,,,
,,,,,,,,,,,,,,,,,,,,,,,,,,,,,,,,,,,,,,,,,,
,,,,,,,,,,,,,,,,,,,,,,,,,,,,,,,,,,,,,,,,,,
,,,,,,,,,,,,,,,,,,,,,,,,,,,,,,,,,,,,,,,,,,
,,,,,,,,,,,,,,,,,,,,,,,,,,,,,,,,,,,,,,,,,,
,,,,,,,,,,,,,,,,,,,,,,,,,,,,,,,,,,,,,,,,,,
,,,,,,,,,,,,,,,,,,,,,,,,,,,,,,,,,,,,,,,,,,
,,,,,,,,,,,,,,,,,,,,,,,,,,,,,,,,,,,,,,,,,,
,,,,,,,,,,,,,,,,,,,,,,,,,,,,,,,,,,,,,,,,,,
,,,,,,,,,,,,,,,,,,,,,,,,,,,,,,,,,,,,,,,,,,
,,,,,,,,,,,,,,,,,,,,,,,,,,,,,,,,,,,,,,,,,,
,,,,,,,,,,,,,,,,,,,,,,,,,,,,,,,,,,,,,,,,,,
,,,,,,,,,,,,,,,,,,,,,,,,,,,,,,,,,,,,,,,,,,
,,,,,,,,,,,,,,,,,,,,,,,,,,,,,,,,,,,,,,,,,,
,,,,,,,,,,,,,,,,,,,,,,,,,,,,,,,,,,,,,,,,,,
,,,,,,,,,,,,,,,,,,,,,,,,,,,,,,,,,,,,,,,,,,
,,,,,,,,,,,,,,,,,,,,,,,,,,,,,,,,,,,,,,,,,,
,,,,,,,,,,,,,,,,,,,,,,,,,,,,,,,,,,,,,,,,,,
,,,,,,,,,,,,,,,,,,,,,,,,,,,,,,,,,,,,,,,,,,
,,,,,,,,,,,,,,,,,,,,,,,,,,,,,,,,,,,,,,,,,,
,,,,,,,,,,,,,,,,,,,,,,,,,,,,,,,,,,,,,,,,,,
,,,,,,,,,,,,,,,,,,,,,,,,,,,,,,,,,,,,,,,,,,
,,,,,,,,,,,,,,,,,,,,,,,,,,,,,,,,,,,,,,,,,,
,,,,,,,,,,,,,,,,,,,,,,,,,,,,,,,,,,,,,,,,,,
,,,,,,,,,,,,,,,,,,,,,,,,,,,,,,,,,,,,,,,,,,
,,,,,,,,,,,,,,,,,,,,,,,,,,,,,,,,,,,,,,,,,,
,,,,,,,,,,,,,,,,,,,,,,,,,,,,,,,,,,,,,,,,,,
,,,,,,,,,,,,,,,,,,,,,,,,,,,,,,,,,,,,,,,,,,
,,,,,,,,,,,,,,,,,,,,,,,,,,,,,,,,,,,,,,,,,,
,,,,,,,,,,,,,,,,,,,,,,,,,,,,,,,,,,,,,,,,,,
,,,,,,,,,,,,,,,,,,,,,,,,,,,,,,,,,,,,,,,,,,
,,,,,,,,,,,,,,,,,,,,,,,,,,,,,,,,,,,,,,,,,,
,,,,,,,,,,,,,,,,,,,,,,,,,,,,,,,,,,,,,,,,,,
,,,,,,,,,,,,,,,,,,,,,,,,,,,,,,,,,,,,,,,,,,
,,,,,,,,,,,,,,,,,,,,,,,,,,,,,,,,,,,,,,,,,,
,,,,,,,,,,,,,,,,,,,,,,,,,,,,,,,,,,,,,,,,,,
,,,,,,,,,,,,,,,,,,,,,,,,,,,,,,,,,,,,,,,,,,
,,,,,,,,,,,,,,,,,,,,,,,,,,,,,,,,,,,,,,,,,,
,,,,,,,,,,,,,,,,,,,,,,,,,,,,,,,,,,,,,,,,,,
,,,,,,,,,,,,,,,,,,,,,,,,,,,,,,,,,,,,,,,,,,
,,,,,,,,,,,,,,,,,,,,,,,,,,,,,,,,,,,,,,,,,,
,,,,,,,,,,,,,,,,,,,,,,,,,,,,,,,,,,,,,,,,,,
,,,,,,,,,,,,,,,,,,,,,,,,,,,,,,,,,,,,,,,,,,
,,,,,,,,,,,,,,,,,,,,,,,,,,,,,,,,,,,,,,,,,,
,,,,,,,,,,,,,,,,,,,,,,,,,,,,,,,,,,,,,,,,,,
,,,,,,,,,,,,,,,,,,,,,,,,,,,,,,,,,,,,,,,,,,
,,,,,,,,,,,,,,,,,,,,,,,,,,,,,,,,,,,,,,,,,,
,,,,,,,,,,,,,,,,,,,,,,,,,,,,,,,,,,,,,,,,,,
,,,,,,,,,,,,,,,,,,,,,,,,,,,,,,,,,,,,,,,,,,
,,,,,,,,,,,,,,,,,,,,,,,,,,,,,,,,,,,,,,,,,,
,,,,,,,,,,,,,,,,,,,,,,,,,,,,,,,,,,,,,,,,,,
,,,,,,,,,,,,,,,,,,,,,,,,,,,,,,,,,,,,,,,,,,
,,,,,,,,,,,,,,,,,,,,,,,,,,,,,,,,,,,,,,,,,,
,,,,,,,,,,,,,,,,,,,,,,,,,,,,,,,,,,,,,,,,,,
,,,,,,,,,,,,,,,,,,,,,,,,,,,,,,,,,,,,,,,,,,
,,,,,,,,,,,,,,,,,,,,,,,,,,,,,,,,,,,,,,,,,,
,,,,,,,,,,,,,,,,,,,,,,,,,,,,,,,,,,,,,,,,,,
,,,,,,,,,,,,,,,,,,,,,,,,,,,,,,,,,,,,,,,,,,
,,,,,,,,,,,,,,,,,,,,,,,,,,,,,,,,,,,,,,,,,,
,,,,,,,,,,,,,,,,,,,,,,,,,,,,,,,,,,,,,,,,,,
,,,,,,,,,,,,,,,,,,,,,,,,,,,,,,,,,,,,,,,,,,
,,,,,,,,,,,,,,,,,,,,,,,,,,,,,,,,,,,,,,,,,,
,,,,,,,,,,,,,,,,,,,,,,,,,,,,,,,,,,,,,,,,,,
,,,,,,,,,,,,,,,,,,,,,,,,,,,,,,,,,,,,,,,,,,
,,,,,,,,,,,,,,,,,,,,,,,,,,,,,,,,,,,,,,,,,,
,,,,,,,,,,,,,,,,,,,,,,,,,,,,,,,,,,,,,,,,,,
,,,,,,,,,,,,,,,,,,,,,,,,,,,,,,,,,,,,,,,,,,
,,,,,,,,,,,,,,,,,,,,,,,,,,,,,,,,,,,,,,,,,,
,,,,,,,,,,,,,,,,,,,,,,,,,,,,,,,,,,,,,,,,,,
,,,,,,,,,,,,,,,,,,,,,,,,,,,,,,,,,,,,,,,,,,
,,,,,,,,,,,,,,,,,,,,,,,,,,,,,,,,,,,,,,,,,,
,,,,,,,,,,,,,,,,,,,,,,,,,,,,,,,,,,,,,,,,,,
,,,,,,,,,,,,,,,,,,,,,,,,,,,,,,,,,,,,,,,,,,
,,,,,,,,,,,,,,,,,,,,,,,,,,,,,,,,,,,,,,,,,,
,,,,,,,,,,,,,,,,,,,,,,,,,,,,,,,,,,,,,,,,,,
,,,,,,,,,,,,,,,,,,,,,,,,,,,,,,,,,,,,,,,,,,
,,,,,,,,,,,,,,,,,,,,,,,,,,,,,,,,,,,,,,,,,,
,,,,,,,,,,,,,,,,,,,,,,,,,,,,,,,,,,,,,,,,,,
,,,,,,,,,,,,,,,,,,,,,,,,,,,,,,,,,,,,,,,,,,
,,,,,,,,,,,,,,,,,,,,,,,,,,,,,,,,,,,,,,,,,,
,,,,,,,,,,,,,,,,,,,,,,,,,,,,,,,,,,,,,,,,,,
,,,,,,,,,,,,,,,,,,,,,,,,,,,,,,,,,,,,,,,,,,
,,,,,,,,,,,,,,,,,,,,,,,,,,,,,,,,,,,,,,,,,,
,,,,,,,,,,,,,,,,,,,,,,,,,,,,,,,,,,,,,,,,,,
,,,,,,,,,,,,,,,,,,,,,,,,,,,,,,,,,,,,,,,,,,
,,,,,,,,,,,,,,,,,,,,,,,,,,,,,,,,,,,,,,,,,,
,,,,,,,,,,,,,,,,,,,,,,,,,,,,,,,,,,,,,,,,,,
,,,,,,,,,,,,,,,,,,,,,,,,,,,,,,,,,,,,,,,,,,
,,,,,,,,,,,,,,,,,,,,,,,,,,,,,,,,,,,,,,,,,,
